TransactionID,SaleDate,CustomerID,ProductID,StoreID,CampaignID,SaleAmount,DiscountPercent,PaymentType
1,2025-05-04,1034,2059,402,0.0,2048.2,25,Cash
2,2025-05-04,1066,2048,403,1.0,321.87,25,Paypal
3,2025-05-04,1116,2041,403,3.0,3216.84,6,Cash
4,2025-05-04,1071,2096,404,2.0,1613.23,10,Credit
5,2025-05-04,1020,2060,401,0.0,408.38,14,Paypal
6,2025-05-04,1089,2028,401,0.0,1275.88,23,Credit
7,2025-05-04,1193,2003,402,1.0,346.66,26,Cash
8,2025-05-04,1005,2079,402,1.0,855.49,29,Paypal
9,2025-05-04,1032,2060,401,1.0,735.08,13,Paypal
10,2025-05-04,1119,2089,403,2.0,661.63,4,Cash
11,2025-05-04,1042,2077,401,,505.65,17,Paypal
12,2025-05-04,1079,2013,401,2.0,0.0,12,Credit
14,2025-05-04,1183,2025,401,1.0,503.32,25,Cash
15,2025-05-04,1026,2089,403,0.0,413.52,29,Credit
16,2025-05-04,1144,2005,403,3.0,1715.12,9,Paypal
17,2025-05-04,1169,2047,401,2.0,535.97,8,Paypal
19,2025-05-04,1110,2046,404,1.0,30.09,17,Cash
20,2025-05-04,1111,2022,403,3.0,671.18,21,Cash
21,2025-05-04,1119,2055,403,2.0,731.26,6,Cash
22,2025-05-04,1062,2011,403,3.0,1229.22,18,Cash
23,2025-05-04,1062,2096,404,3.0,672.18,30,Cash
24,2025-05-04,1086,2003,404,2.0,924.43,20,Paypal
25,2025-05-04,1046,2062,402,2.0,1981.95,2,Cash
26,2025-05-04,1066,2043,403,2.0,698.76,30,Paypal
27,2025-05-04,1142,2001,402,0.0,1237.05,28,Paypal
28,2025-05-04,1061,2092,404,3.0,482.21,14,Paypal
32,2025-05-04,1103,2088,402,2.0,0.0,29,Paypal
33,2025-05-04,1169,2074,403,3.0,0.0,8,Paypal
34,2025-05-04,1141,2067,403,3.0,872.85,26,Credit
35,2025-05-04,1190,2070,403,2.0,54.69,11,Credit
36,2025-05-04,1179,2058,403,2.0,1066.8,8,Paypal
37,2025-05-04,1064,2029,401,1.0,12.16,28,Credit
38,2025-05-04,1080,2015,402,1.0,3037.36,2,Credit
39,2025-05-04,1055,2094,404,2.0,1578.72,18,Paypal
40,2025-05-04,1185,2075,403,0.0,0.0,28,Paypal
41,2025-05-04,9999,2037,402,2.0,288.11,20,Paypal
42,2025-05-04,1045,2038,401,1.0,1667.72,13,Paypal
43,2025-05-04,1070,2005,401,2.0,686.05,7,Cash
44,2025-05-04,1178,2016,404,0.0,0.0,14,Paypal
45,2025-05-04,1003,2073,403,3.0,1498.29,26,Cash
46,2025-05-04,1122,2056,403,1.0,944.5,28,Paypal
47,2025-05-04,1013,2032,404,0.0,2836.8,10,Paypal
48,2025-05-04,1016,2051,404,0.0,117.32,15,Paypal
49,2025-05-04,1147,2080,401,1.0,0.0,8,Cash
50,2025-05-04,1038,2072,403,0.0,840.6,16,Credit
51,2025-05-04,1063,2015,404,1.0,1214.95,30,Paypal
52,2025-05-04,1198,2066,404,3.0,516.06,0,Credit
53,2025-05-04,1113,2038,404,2.0,2223.62,2,Cash
54,2025-05-04,1145,2079,401,0.0,1901.08,8,Credit
55,2025-05-04,1195,2026,402,2.0,507.74,10,Paypal
56,2025-05-04,1169,2010,402,1.0,140.11,8,Paypal
57,2025-05-04,1044,2070,401,1.0,0.0,7,Paypal
58,2025-05-04,1000,2052,404,3.0,2193.78,25,Paypal
59,2025-05-04,1074,2004,402,2.0,741.8,6,Cash
60,2025-05-04,1180,2036,404,0.0,217.98,21,Cash
61,2025-05-04,1175,2029,403,1.0,36.48,9,Cash
62,2025-05-04,1108,2014,402,1.0,221.67,7,Credit
63,2025-05-04,1068,2018,401,0.0,2169.04,18,Paypal
64,2025-05-04,1042,2039,403,3.0,2929.32,0,Paypal
65,2025-05-04,1031,2059,403,3.0,0.0,11,Credit
66,2025-05-04,1069,2064,404,3.0,1470.2,19,Paypal
68,2025-05-04,1188,2041,403,0.0,1608.42,28,Credit
69,2025-05-04,1023,2029,401,2.0,0.0,6,Credit
70,2025-05-04,1147,2005,402,3.0,0.0,26,Paypal
71,2025-05-04,1132,2083,404,2.0,614.53,14,Paypal
72,2025-05-04,1046,2074,404,3.0,659.5,21,Credit
73,2025-05-04,1023,2060,403,3.0,1225.14,20,Cash
74,2025-05-04,1085,2041,401,1.0,1447.58,5,Cash
75,2025-05-04,1084,2052,404,2.0,2925.04,7,Credit
76,2025-05-04,1169,2051,401,3.0,117.32,1,Cash
77,2025-05-04,1022,2040,403,2.0,55.26,18,Paypal
79,2025-05-04,1168,2069,404,3.0,232.39,15,Cash
80,2025-05-04,1013,2024,403,3.0,372.81,17,Cash
81,2025-05-04,1160,2056,401,1.0,472.25,5,Credit
82,2025-05-04,1068,2070,402,2.0,109.38,7,Paypal
83,2025-05-04,1112,2089,404,0.0,2067.6,11,Credit
84,2025-05-04,1007,2080,402,1.0,1498.07,13,Paypal
85,2025-05-04,1079,2070,401,3.0,34.18,28,Cash
86,2025-05-04,1023,2028,401,3.0,2551.76,19,Cash
87,2025-05-04,1030,2082,402,3.0,799.8,25,Credit
88,2025-05-04,1183,2037,403,3.0,2160.84,8,Cash
89,2025-05-04,1123,2060,402,3.0,2450.28,18,Paypal
90,2025-05-04,1141,2018,404,1.0,2440.17,18,Paypal
91,2025-05-04,1153,2065,402,0.0,470.34,0,Cash
92,2025-05-04,1070,2098,404,2.0,0.0,1,Credit
93,2025-05-04,1129,2034,401,2.0,108.94,2,Credit
94,2025-05-04,1185,2038,404,1.0,1667.72,0,Cash
95,2025-05-04,1114,2068,404,2.0,656.19,14,Paypal
96,2025-05-04,1085,2070,404,3.0,0.0,23,Paypal
97,2025-05-04,1082,2024,402,3.0,372.81,28,Cash
98,2025-05-04,1059,2099,404,0.0,1292.64,13,Paypal
99,2025-05-04,1081,2095,404,3.0,490.79,20,Paypal
100,2025-05-04,1098,2084,402,3.0,0.0,28,Cash
101,2025-05-04,1009,2016,403,0.0,969.06,14,Credit
102,2025-05-04,1112,2012,404,0.0,1869.57,0,Paypal
103,2025-05-04,1184,2018,404,1.0,488.03,29,Paypal
104,2025-05-04,1019,2060,403,2.0,0.0,20,Cash
105,2025-05-04,1159,2088,404,0.0,0.0,10,Paypal
106,2025-05-04,1084,2086,404,2.0,2861.12,0,Paypal
107,2025-05-04,1160,2091,404,0.0,905.79,3,Paypal
108,2025-05-04,1158,2008,402,2.0,159.82,6,Credit
109,2025-05-04,1058,2095,401,3.0,2453.95,6,Credit
110,2025-05-04,1025,2097,401,3.0,842.1,21,Paypal
111,2025-05-04,1042,2088,403,0.0,709.35,18,Paypal
112,2025-05-04,1011,2041,401,2.0,0.0,3,Cash
113,2025-05-04,1091,2047,404,1.0,0.0,29,Cash
114,2025-05-04,1062,2067,404,1.0,0.0,13,Paypal
115,2025-05-04,1043,2022,401,3.0,2684.72,25,Paypal
116,2025-05-04,1158,2087,402,3.0,477.96,26,Cash
117,2025-05-04,1149,2018,402,3.0,1626.78,5,Paypal
118,2025-05-04,1163,2032,404,2.0,756.48,4,Paypal
119,2025-05-04,1170,2001,404,2.0,659.76,6,Cash
120,2025-05-04,1173,2069,402,0.0,464.78,12,Credit
121,2025-05-04,1113,2044,403,3.0,0.0,28,Paypal
122,2025-05-04,1176,2032,404,2.0,756.48,25,Cash
123,2025-05-04,1050,2049,404,0.0,2819.52,7,Paypal
124,2025-05-04,1060,2048,403,2.0,1144.42,27,Credit
125,2025-05-04,1179,2037,401,3.0,1440.56,12,Paypal
126,2025-05-04,1070,2001,401,3.0,0.0,8,Paypal
127,2025-05-04,1073,2099,402,2.0,0.0,5,Paypal
128,2025-05-04,1056,2081,402,2.0,0.0,17,Paypal
129,2025-05-04,1173,2096,402,0.0,672.18,10,Paypal
130,2025-05-04,1160,2082,401,2.0,426.56,6,Cash
131,2025-05-04,1112,2004,403,1.0,1669.05,4,Credit
132,2025-05-04,1023,2037,403,3.0,2160.84,4,Credit
133,2025-05-04,1044,2025,402,2.0,223.7,15,Paypal
134,2025-05-04,1135,2064,403,1.0,793.91,6,Paypal
135,2025-05-04,1065,2061,403,2.0,639.74,27,Credit
136,2025-05-04,1029,2059,401,1.0,921.69,22,Credit
137,2025-05-04,1193,2028,404,2.0,1531.06,28,Cash
138,2025-05-04,1023,2050,401,2.0,298.85,14,Cash
139,2025-05-04,1137,2015,404,2.0,539.98,12,Credit
140,2025-05-04,1172,2095,403,3.0,2453.95,3,Paypal
141,2025-05-04,1163,2047,401,1.0,301.48,17,Credit
142,2025-05-04,1120,2003,403,1.0,1039.99,8,Paypal
143,2025-05-04,1165,2008,404,2.0,53.27,26,Paypal
144,2025-05-04,1166,2052,401,1.0,658.13,13,Credit
146,2025-05-04,1029,2012,402,1.0,0.0,5,Cash
147,2025-05-04,1099,2058,403,3.0,666.75,6,Credit
148,2025-05-04,1150,2095,402,3.0,490.79,23,Paypal
149,2025-05-04,1167,2012,404,3.0,0.0,18,Cash
150,2025-05-04,1071,2004,403,1.0,834.52,29,Credit
151,2025-05-04,1113,2056,402,2.0,839.55,6,Credit
152,2025-05-04,1025,2087,403,2.0,0.0,24,Cash
153,2025-05-04,1015,2050,403,1.0,504.31,5,Credit
154,2025-05-04,1031,2058,401,1.0,2400.3,21,Paypal
155,2025-05-04,1164,2081,401,0.0,2984.88,17,Credit
156,2025-05-04,1085,2031,402,1.0,508.77,12,Paypal
157,2025-05-04,1017,2097,402,1.0,757.89,30,Cash
158,2025-05-04,1059,2042,402,0.0,0.0,25,Cash
159,2025-05-04,1070,2018,402,2.0,0.0,3,Paypal
160,2025-05-04,1044,2014,401,1.0,886.68,24,Paypal
161,2025-05-04,1003,2045,402,2.0,499.42,17,Paypal
162,2025-05-04,1004,2022,403,0.0,671.18,24,Paypal
163,2025-05-04,1032,2094,404,0.0,493.35,27,Paypal
164,2025-05-04,1190,2008,404,3.0,266.36,12,Paypal
165,2025-05-04,1199,2046,401,3.0,167.15,18,Paypal
166,2025-05-04,1128,2028,401,2.0,2041.41,1,Paypal
167,2025-05-04,1117,2082,401,0.0,799.8,2,Paypal
168,2025-05-04,1122,2051,404,0.0,234.64,27,Paypal
169,2025-05-04,1125,2091,404,0.0,1811.58,0,Paypal
170,2025-05-04,1020,2041,402,0.0,0.0,18,Cash
172,2025-05-04,1152,2067,403,3.0,872.85,14,Credit
173,2025-05-04,1129,2077,404,0.0,2809.15,23,Paypal
174,2025-05-04,1179,2014,402,3.0,738.9,25,Paypal
175,2025-05-04,1115,2029,404,2.0,0.0,15,Paypal
176,2025-05-04,1116,2051,404,0.0,351.96,10,Cash
178,2025-05-04,1095,2019,404,0.0,933.93,22,Cash
179,2025-05-04,1023,2010,401,3.0,0.0,11,Paypal
181,2025-05-04,1142,2007,403,0.0,583.39,4,Cash
182,2025-05-04,1105,2045,404,0.0,624.28,23,Paypal
183,2025-05-04,1073,2076,403,2.0,1934.57,21,Cash
184,2025-05-04,1026,2073,402,1.0,1797.95,25,Cash
185,2025-05-04,1168,2061,402,0.0,599.76,7,Paypal
186,2025-05-04,1089,2071,403,0.0,0.0,20,Credit
187,2025-05-04,1195,2035,402,3.0,0.0,30,Paypal
188,2025-05-04,1143,2098,401,2.0,2178.86,11,Paypal
189,2025-05-04,1007,2023,403,2.0,751.63,10,Cash
190,2025-05-04,1086,2044,401,1.0,373.64,4,Credit
191,2025-05-04,1036,2072,404,0.0,1260.9,18,Credit
192,2025-05-04,1036,2094,401,0.0,2466.75,4,Paypal
193,2025-05-04,1191,2067,402,3.0,872.85,14,Cash
194,2025-05-04,1107,2058,403,1.0,1800.22,3,Credit
195,2025-05-04,1094,2039,403,0.0,1952.88,9,Paypal
196,2025-05-04,1013,2019,402,0.0,0.0,12,Paypal
197,2025-05-04,1172,2010,403,3.0,0.0,29,Paypal
198,2025-05-04,1169,2054,404,3.0,900.51,22,Cash
199,2025-05-04,1106,2034,402,0.0,136.17,22,Credit
200,2025-05-04,1088,2055,401,2.0,129.46,3,Cash
201,2025-05-04,1173,2086,404,2.0,715.28,9,Paypal
202,2025-05-04,1011,2028,404,0.0,0.0,0,Paypal
203,2025-05-04,1001,2026,403,1.0,190.4,5,Paypal
204,2025-05-04,1196,2017,403,2.0,370.96,0,Paypal
205,2025-05-04,1083,2015,401,3.0,0.0,24,Paypal
206,2025-05-04,1191,2055,402,1.0,48.55,7,Credit
207,2025-05-04,1097,2068,402,2.0,1312.38,23,Paypal
208,2025-05-04,1018,2050,401,3.0,0.0,29,Paypal
209,2025-05-04,1004,2058,401,2.0,1066.8,12,Credit
210,2025-05-04,1147,2054,404,3.0,2701.53,21,Paypal
211,2025-05-04,1074,2014,404,0.0,738.9,13,Credit
212,2025-05-04,1083,2021,404,2.0,668.33,8,Paypal
213,2025-05-04,1022,2055,401,1.0,97.09,19,Paypal
214,2025-05-04,1111,2075,404,0.0,1561.28,27,Credit
215,2025-05-04,1101,2039,403,1.0,2636.39,29,Cash
216,2025-05-04,1085,2099,402,0.0,646.32,6,Paypal
217,2025-05-04,1130,2081,401,1.0,1343.2,5,Paypal
218,2025-05-04,1198,2044,403,1.0,186.82,19,Credit
219,2025-05-04,1060,2013,402,2.0,0.0,9,Paypal
220,2025-05-04,1050,2022,402,0.0,671.18,5,Credit
221,2025-05-04,1045,2098,404,3.0,907.86,9,Credit
222,2025-05-04,1193,2072,404,2.0,1681.2,2,Cash
223,2025-05-04,1160,2040,402,3.0,138.16,27,Paypal
224,2025-05-04,1017,2060,404,2.0,0.0,22,Paypal
225,2025-05-04,1070,2075,401,2.0,624.51,19,Credit
226,2025-05-04,1129,2009,403,3.0,198.93,5,Paypal
227,2025-05-04,1115,2004,401,2.0,2225.4,19,Cash
228,2025-05-04,1073,2009,401,3.0,66.31,30,Credit
229,2025-05-04,1118,2074,401,3.0,659.5,19,Paypal
230,2025-05-04,1146,2083,402,2.0,614.53,27,Cash
231,2025-05-04,1154,2060,402,0.0,408.38,1,Credit
232,2025-05-04,1115,2013,403,0.0,2806.08,30,Cash
233,2025-05-04,1129,2082,402,0.0,1066.4,17,Paypal
234,2025-05-04,1063,2090,404,3.0,71.64,18,Credit
235,2025-05-04,1134,2066,402,2.0,1238.54,6,Cash
236,2025-05-04,1095,2036,404,3.0,653.94,15,Paypal
237,2025-05-04,1198,2043,401,2.0,1397.52,13,Paypal
238,2025-05-04,1016,2042,401,3.0,0.0,16,Paypal
239,2025-05-04,1072,2032,402,2.0,1512.96,8,Cash
240,2025-05-04,1020,2074,402,2.0,527.6,18,Paypal
241,2025-05-04,1079,2083,404,1.0,691.34,8,Credit
242,2025-05-04,1152,2090,401,2.0,57.31,26,Paypal
243,2025-05-04,1143,2048,403,1.0,0.0,25,Credit
244,2025-05-04,1171,2089,401,3.0,1654.08,13,Credit
245,2025-05-04,1130,2046,401,2.0,106.98,11,Credit
246,2025-05-04,1079,2023,402,2.0,3006.53,3,Paypal
247,2025-05-04,1196,2062,402,1.0,1114.85,22,Credit
248,2025-05-04,1035,2019,401,2.0,0.0,28,Cash
249,2025-05-04,1025,2064,401,2.0,705.7,29,Credit
250,2025-05-04,1196,2079,402,3.0,2851.62,24,Paypal
251,2025-05-04,1039,2020,402,1.0,338.25,18,Paypal
252,2025-05-04,1184,2056,401,3.0,1574.16,20,Paypal
254,2025-05-04,1156,2036,404,1.0,392.36,27,Credit
255,2025-05-04,1136,2030,403,3.0,509.91,26,Cash
256,2025-05-04,1049,2047,404,3.0,1674.9,29,Paypal
257,2025-05-04,1196,2036,404,3.0,0.0,4,Credit
258,2025-05-04,1041,2025,402,2.0,671.09,30,Cash
259,2025-05-04,1013,2082,404,2.0,1066.4,26,Paypal
260,2025-05-04,1141,2013,401,2.0,748.29,1,Credit
261,2025-05-04,1021,2097,402,2.0,673.68,13,Paypal
262,2025-05-04,1115,2065,402,3.0,1881.36,29,Paypal
263,2025-05-04,1023,2028,404,2.0,510.35,4,Credit
264,2025-05-04,1006,2053,401,3.0,610.15,9,Credit
265,2025-05-04,1128,2047,402,3.0,1004.94,30,Credit
266,2025-05-04,1020,2047,402,0.0,669.96,11,Paypal
267,2025-05-04,1081,2012,403,1.0,1682.61,20,Cash
268,2025-05-04,1035,2004,403,3.0,927.25,21,Cash
269,2025-05-04,1178,2017,404,3.0,1854.8,4,Credit
270,2025-05-04,1157,2000,401,0.0,1938.62,29,Paypal
271,2025-05-04,1065,2027,402,3.0,775.83,21,Paypal
273,2025-05-04,1077,2015,401,1.0,1822.42,11,Paypal
274,2025-05-04,1107,2081,404,0.0,2238.66,11,Paypal
275,2025-05-04,1028,2063,401,1.0,994.43,13,Paypal
276,2025-05-04,1183,2018,403,3.0,2711.3,23,Credit
277,2025-05-04,1000,2078,403,1.0,0.0,24,Cash
278,2025-05-04,1146,2053,402,0.0,1220.3,2,Credit
279,2025-05-04,1134,2046,401,0.0,33.43,12,Paypal
280,2025-05-04,1099,2060,401,3.0,1633.52,6,Paypal
281,2025-05-04,1095,2032,401,2.0,1512.96,10,Cash
282,2025-05-04,1017,2044,402,0.0,207.58,2,Paypal
283,2025-05-04,1197,2074,403,1.0,593.55,10,Paypal
284,2025-05-04,1011,2045,403,1.0,842.78,17,Cash
285,2025-05-04,1199,2087,404,3.0,159.32,27,Paypal
286,2025-05-04,1161,2023,402,0.0,939.54,12,Paypal
287,2025-05-04,1183,2099,404,0.0,1292.64,3,Paypal
288,2025-05-04,1075,2025,401,1.0,0.0,9,Credit
289,2025-05-04,1010,2040,403,3.0,138.16,17,Paypal
290,2025-05-04,1139,2060,403,0.0,1225.14,28,Credit
291,2025-05-04,1192,2082,402,2.0,213.28,25,Paypal
292,2025-05-04,1091,2099,401,2.0,1034.11,1,Cash
293,2025-05-04,1069,2015,403,3.0,2699.88,12,Paypal
294,2025-05-04,1102,2095,404,3.0,1472.37,7,Credit
296,2025-05-04,1094,2066,403,0.0,1032.12,23,Credit
297,2025-05-04,1186,2054,401,3.0,0.0,0,Paypal
298,2025-05-04,1154,2023,403,2.0,751.63,25,Paypal
299,2025-05-04,1026,2010,403,2.0,62.27,28,Credit
300,2025-05-04,1078,2057,404,1.0,393.28,26,Paypal
301,2025-05-04,1176,2056,403,3.0,524.72,0,Cash
302,2025-05-04,1010,2093,403,3.0,0.0,0,Cash
303,2025-05-04,1070,2081,401,0.0,1492.44,7,Credit
304,2025-05-04,1171,2081,404,2.0,596.98,8,Credit
305,2025-05-04,1131,2095,402,0.0,1472.37,21,Paypal
306,2025-05-04,1036,2077,404,0.0,1123.66,21,Paypal
307,2025-05-04,1032,2008,402,2.0,106.54,16,Paypal
308,2025-05-04,1092,2049,401,1.0,0.0,26,Paypal
309,2025-05-04,1173,2057,403,2.0,349.58,22,Credit
310,2025-05-04,1113,2097,401,1.0,757.89,30,Credit
311,2025-05-04,1135,2046,404,2.0,80.23,5,Paypal
312,2025-05-04,1166,2035,402,0.0,899.99,16,Paypal
313,2025-05-04,1006,2094,402,3.0,1480.05,1,Cash
314,2025-05-04,1132,2049,401,2.0,1503.74,28,Credit
315,2025-05-04,1198,2033,404,1.0,2257.88,0,Paypal
316,2025-05-04,1156,2036,404,1.0,784.73,24,Paypal
317,2025-05-04,1031,2017,401,3.0,0.0,0,Paypal
318,2025-05-04,1044,2091,404,0.0,1811.58,19,Cash
319,2025-05-04,1174,2040,403,0.0,34.54,10,Paypal
320,2025-05-04,1140,2069,403,2.0,557.74,6,Paypal
321,2025-05-04,1040,2091,402,2.0,724.63,22,Credit
322,2025-05-04,1130,2028,401,1.0,574.15,5,Paypal
323,2025-05-04,1035,2030,404,0.0,339.94,9,Paypal
324,2025-05-04,1092,2070,403,3.0,102.54,23,Paypal
325,2025-05-04,1141,2016,401,0.0,0.0,6,Paypal
326,2025-05-04,1079,2050,404,3.0,186.78,28,Credit
327,2025-05-04,1196,2052,401,1.0,2632.54,8,Credit
328,2025-05-04,1081,2082,401,3.0,1066.4,15,Paypal
329,2025-05-04,1119,2087,403,1.0,0.0,2,Paypal
330,2025-05-04,1199,2070,402,1.0,30.76,1,Paypal
331,2025-05-04,1110,2064,401,0.0,0.0,1,Cash
332,2025-05-04,1132,2019,403,1.0,1681.07,12,Paypal
333,2025-05-04,1041,2041,402,2.0,643.37,5,Cash
334,2025-05-04,1132,2036,401,2.0,348.77,1,Paypal
335,2025-05-04,1050,2081,403,1.0,2686.39,16,Paypal
336,2025-05-04,1160,2038,401,1.0,0.0,28,Paypal
337,2025-05-04,1151,2074,402,1.0,1187.1,3,Paypal
338,2025-05-04,1168,2079,403,0.0,1901.08,16,Credit
339,2025-05-04,1007,2010,401,2.0,62.27,6,Cash
340,2025-05-04,1166,2026,404,0.0,0.0,10,Credit
341,2025-05-04,1127,2080,403,2.0,1997.42,6,Paypal
342,2025-05-04,1123,2031,404,2.0,1356.72,19,Paypal
343,2025-05-04,1116,2009,401,1.0,119.36,30,Credit
344,2025-05-04,1112,2053,404,3.0,0.0,15,Paypal
345,2025-05-04,1052,2043,402,2.0,698.76,11,Credit
346,2025-05-04,1183,2040,403,3.0,103.62,15,Cash
348,2025-05-04,1081,2030,404,0.0,339.94,17,Paypal
349,2025-05-04,1068,2057,402,1.0,1179.85,21,Paypal
350,2025-05-04,1024,2006,403,3.0,594.0,4,Paypal
351,2025-05-04,1157,2053,402,1.0,1098.27,4,Cash
352,2025-05-04,1083,2073,403,1.0,2247.44,9,Paypal
353,2025-05-04,1195,2020,404,3.0,1879.15,22,Credit
354,2025-05-04,1127,2039,404,0.0,1952.88,2,Credit
355,2025-05-04,1023,2050,404,1.0,0.0,28,Paypal
356,2025-05-04,1055,2074,403,0.0,1978.5,12,Credit
357,2025-05-04,1012,2036,404,3.0,653.94,1,Cash
358,2025-05-04,1073,2068,401,0.0,2460.72,19,Credit
359,2025-05-04,1110,2017,403,2.0,370.96,2,Credit
360,2025-05-04,1195,2051,403,0.0,117.32,13,Cash
361,2025-05-04,1102,2006,402,2.0,792.0,10,Paypal
362,2025-05-04,1141,2036,401,3.0,871.92,10,Paypal
363,2025-05-04,1129,2057,403,0.0,1747.92,1,Paypal
364,2025-05-04,1032,2012,404,2.0,997.1,0,Cash
365,2025-05-04,1086,2071,403,1.0,553.64,21,Cash
366,2025-05-04,1050,2077,404,0.0,561.83,0,Cash
367,2025-05-04,1011,2004,402,2.0,0.0,7,Credit
368,2025-05-04,1121,2066,404,1.0,0.0,3,Paypal
369,2025-05-04,1155,2065,402,2.0,1128.82,18,Paypal
370,2025-05-04,1156,2040,402,3.0,138.16,4,Cash
371,2025-05-04,1157,2094,403,2.0,1578.72,21,Credit
372,2025-05-04,1129,2065,404,2.0,752.54,5,Cash
373,2025-05-04,1121,2002,403,2.0,2771.2,16,Paypal
374,2025-05-04,1172,2014,404,2.0,197.04,27,Paypal
375,2025-05-04,1185,2088,401,3.0,2128.05,26,Cash
376,2025-05-04,1067,2083,402,0.0,0.0,23,Paypal
377,2025-05-04,1149,2061,402,3.0,1199.52,12,Cash
378,2025-05-04,1037,2087,402,0.0,318.64,15,Paypal
379,2025-05-04,1146,2089,401,1.0,744.34,6,Paypal
380,2025-05-04,1004,2056,403,3.0,2098.88,3,Paypal
381,2025-05-04,1038,2052,402,3.0,2193.78,21,Cash
383,2025-05-04,1180,2017,402,2.0,741.92,22,Paypal
384,2025-05-04,1169,2061,404,2.0,319.87,12,Paypal
385,2025-05-04,1044,2058,403,2.0,1066.8,3,Paypal
387,2025-05-04,1049,2031,403,2.0,1356.72,21,Cash
388,2025-05-04,1057,2038,403,1.0,2501.58,7,Cash
389,2025-05-04,1176,2090,404,2.0,343.87,28,Credit
390,2025-05-04,1122,2044,403,2.0,166.06,11,Credit
391,2025-05-04,1031,2073,404,3.0,1498.29,28,Credit
392,2025-05-04,1088,2098,402,2.0,726.29,9,Paypal
393,2025-05-04,1010,2036,401,2.0,348.77,3,Cash
394,2025-05-04,1113,2083,403,3.0,3072.64,25,Paypal
395,2025-05-04,1054,2025,403,2.0,671.09,15,Credit
396,2025-05-04,1035,2013,402,1.0,1683.65,23,Credit
397,2025-05-04,1012,2085,402,1.0,217.94,7,Paypal
398,2025-05-04,1013,2012,404,2.0,1994.21,9,Paypal
399,2025-05-04,1183,2060,401,1.0,367.54,4,Paypal
400,2025-05-04,1001,2070,402,3.0,102.54,7,Cash
401,2025-05-04,1167,2060,404,1.0,735.08,8,Cash
402,2025-05-04,1193,2036,403,2.0,348.77,25,Paypal
403,2025-05-04,1165,2007,401,1.0,0.0,7,Paypal
404,2025-05-04,1136,2094,401,1.0,1776.06,29,Paypal
405,2025-05-04,1106,2022,401,3.0,671.18,8,Cash
406,2025-05-04,1126,2023,403,0.0,0.0,1,Paypal
407,2025-05-04,1002,2038,401,2.0,1482.42,8,Credit
408,2025-05-04,1072,2058,404,1.0,1200.15,29,Cash
409,2025-05-04,1129,2059,403,1.0,1382.54,13,Cash
410,2025-05-04,1028,2042,402,3.0,502.83,24,Cash
411,2025-05-04,1165,2032,402,0.0,0.0,16,Cash
412,2025-05-04,1188,2043,403,1.0,1572.21,5,Credit
413,2025-05-04,1044,2078,404,3.0,426.03,18,Cash
414,2025-05-04,1131,2041,401,3.0,3216.84,30,Cash
415,2025-05-04,1171,2012,402,1.0,1121.74,12,Paypal
416,2025-05-04,1122,2041,402,0.0,1608.42,16,Paypal
417,2025-05-04,1066,2049,402,3.0,0.0,11,Paypal
418,2025-05-04,1192,2034,403,2.0,326.81,19,Credit
419,2025-05-04,1149,2092,401,2.0,1157.3,2,Credit
420,2025-05-04,1167,2046,402,0.0,133.72,14,Paypal
421,2025-05-04,1170,2015,404,2.0,0.0,23,Cash
422,2025-05-04,1040,2051,403,0.0,469.28,28,Paypal
423,2025-05-04,1163,2037,403,1.0,0.0,4,Paypal
424,2025-05-04,1056,2017,404,1.0,834.66,22,Paypal
425,2025-05-04,1116,2095,403,3.0,490.79,5,Paypal
426,2025-05-04,1179,2070,404,1.0,61.52,6,Credit
427,2025-05-04,1195,2031,401,3.0,1695.9,21,Paypal
428,2025-05-04,1135,2090,403,0.0,0.0,9,Paypal
429,2025-05-04,1144,2014,401,1.0,443.34,21,Cash
430,2025-05-04,1146,2068,402,1.0,2952.86,9,Credit
431,2025-05-04,1083,2066,404,0.0,516.06,1,Credit
432,2025-05-04,1174,2026,404,0.0,423.12,15,Cash
433,2025-05-04,1130,2057,401,3.0,1747.92,11,Paypal
434,2025-05-04,1033,2065,404,3.0,0.0,5,Paypal
435,2025-05-04,1144,2007,404,2.0,933.42,28,Paypal
436,2025-05-04,1185,2002,404,2.0,692.8,12,Cash
437,2025-05-04,1000,2095,402,0.0,0.0,5,Credit
438,2025-05-04,1011,2054,403,0.0,900.51,2,Credit
439,2025-05-04,1138,2007,401,3.0,2333.56,26,Paypal
440,2025-05-04,1008,2036,404,1.0,196.18,7,Credit
441,2025-05-04,1196,2017,404,2.0,741.92,27,Paypal
442,2025-05-04,1097,2057,404,3.0,436.98,1,Credit
443,2025-05-04,1020,2087,402,2.0,637.28,24,Paypal
444,2025-05-04,1030,2022,404,1.0,604.06,7,Paypal
445,2025-05-04,1186,2028,401,0.0,2551.76,19,Paypal
446,2025-05-04,1076,2059,404,3.0,1536.15,7,Paypal
447,2025-05-04,1058,2031,404,2.0,0.0,28,Paypal
448,2025-05-04,1039,2035,402,0.0,899.99,24,Paypal
449,2025-05-04,1008,2084,404,0.0,845.55,18,Cash
450,2025-05-04,1061,2026,401,0.0,423.12,24,Paypal
451,2025-05-04,1152,2004,404,0.0,2781.75,13,Cash
452,2025-05-04,1062,2094,401,3.0,1973.4,26,Cash
453,2025-05-04,1112,2029,402,0.0,13.51,17,Cash
454,2025-05-04,1035,2064,403,1.0,0.0,5,Credit
455,2025-05-04,1187,2073,403,2.0,399.54,20,Credit
456,2025-05-04,1060,2038,402,1.0,3335.44,12,Cash
457,2025-05-04,1105,2038,403,0.0,1853.02,11,Credit
459,2025-05-04,1142,2063,401,2.0,1325.9,15,Cash
460,2025-05-04,1164,2085,404,2.0,387.44,18,Credit
461,2025-05-04,1178,2053,404,1.0,1647.4,13,Paypal
462,2025-05-04,1076,2048,402,3.0,1072.89,17,Paypal
463,2025-05-04,1061,2028,403,1.0,1148.29,14,Credit
464,2025-05-04,1118,2007,404,3.0,1750.17,11,Paypal
465,2025-05-04,1142,2067,402,3.0,1163.8,21,Paypal
466,2025-05-04,1062,2032,402,2.0,756.48,19,Credit
467,2025-05-04,1165,2010,404,2.0,124.54,18,Paypal
468,2025-05-04,1023,2068,402,0.0,2460.72,12,Credit
469,2025-05-04,1068,2048,401,0.0,715.26,9,Credit
470,2025-05-04,1048,2097,402,3.0,0.0,17,Paypal
471,2025-05-04,1053,2042,403,0.0,167.61,16,Paypal
472,2025-05-04,1054,2024,401,3.0,372.81,29,Paypal
473,2025-05-04,1062,2089,402,3.0,1240.56,17,Credit
474,2025-05-04,1061,2070,403,2.0,27.34,12,Cash
475,2025-05-04,1097,2059,403,2.0,0.0,25,Credit
476,2025-05-04,1066,2046,404,3.0,200.58,0,Cash
477,2025-05-04,1025,2092,404,2.0,771.54,22,Cash
478,2025-05-04,1052,2047,403,3.0,334.98,26,Paypal
479,2025-05-04,1011,2072,402,1.0,756.54,7,Paypal
480,2025-05-04,1004,2033,404,2.0,0.0,27,Paypal
481,2025-05-04,1039,2025,403,1.0,503.32,30,Cash
482,2025-05-04,1097,2072,402,3.0,420.3,16,Cash
483,2025-05-04,1140,2083,403,2.0,1843.58,12,Credit
484,2025-05-04,1195,2062,404,3.0,3096.8,22,Credit
485,2025-05-04,1043,2093,403,1.0,1360.69,11,Credit
486,2025-05-04,1035,2092,404,1.0,0.0,18,Cash
487,2025-05-04,1138,2082,401,0.0,533.2,11,Paypal
488,2025-05-04,1019,2085,401,0.0,484.3,27,Paypal
489,2025-05-04,1105,2017,402,0.0,1391.1,27,Credit
491,2025-05-04,1129,2058,403,0.0,1333.5,21,Paypal
492,2025-05-04,1158,2081,404,3.0,2984.88,8,Paypal
493,2025-05-04,1004,2000,404,0.0,2907.93,3,Paypal
494,2025-05-04,1004,2067,403,2.0,465.52,16,Paypal
495,2025-05-04,1004,2064,404,1.0,1323.18,23,Credit
496,2025-05-04,1027,2012,402,1.0,1121.74,6,Paypal
498,2025-05-04,1068,2050,401,2.0,0.0,3,Paypal
499,2025-05-04,1103,2058,402,1.0,600.08,15,Paypal
500,2025-05-04,1076,2087,401,0.0,159.32,22,Cash
501,2025-05-04,1023,2051,404,3.0,351.96,26,Credit
502,2025-05-04,1141,2060,401,0.0,408.38,21,Paypal
503,2025-05-04,1179,2021,401,3.0,835.41,21,Cash
504,2025-05-04,1111,2082,403,0.0,0.0,27,Paypal
505,2025-05-04,1135,2005,402,1.0,1157.71,30,Cash
506,2025-05-04,1177,2072,404,2.0,1008.72,25,Paypal
507,2025-05-04,1011,2009,403,0.0,0.0,12,Paypal
508,2025-05-04,1045,2040,401,1.0,31.09,27,Paypal
509,2025-05-04,1150,2018,404,0.0,1084.52,7,Paypal
510,2025-05-04,1076,2020,402,3.0,2254.98,27,Paypal
511,2025-05-04,1173,2069,403,3.0,232.39,23,Cash
512,2025-05-04,1193,2094,402,0.0,1480.05,24,Cash
513,2025-05-04,1128,2095,403,0.0,0.0,15,Credit
514,2025-05-04,1025,2055,402,0.0,107.88,2,Credit
515,2025-05-04,1087,2077,404,2.0,449.46,14,Cash
516,2025-05-04,1007,2081,403,3.0,746.22,18,Paypal
517,2025-05-04,1125,2029,403,3.0,40.53,2,Paypal
518,2025-05-04,1110,2023,404,0.0,1879.08,1,Cash
519,2025-05-04,1197,2079,403,1.0,855.49,16,Credit
520,2025-05-04,1182,2009,401,2.0,53.05,14,Credit
521,2025-05-04,1039,2048,402,3.0,357.63,7,Paypal
522,2025-05-04,1081,2046,401,0.0,33.43,7,Paypal
523,2025-05-04,1001,2039,404,2.0,2343.46,7,Paypal
524,2025-05-04,1194,2034,401,1.0,245.11,6,Paypal
526,2025-05-04,1142,2071,404,0.0,615.16,28,Credit
527,2025-05-04,1006,2011,403,0.0,1229.22,17,Credit
528,2025-05-04,1152,2076,403,3.0,2418.21,29,Cash
529,2025-05-04,1003,2037,404,3.0,1440.56,1,Paypal
530,2025-05-04,1199,2010,402,1.0,210.17,29,Cash
531,2025-05-04,1175,2048,402,1.0,965.6,10,Paypal
532,2025-05-04,1068,2038,403,3.0,0.0,23,Cash
533,2025-05-04,1037,2008,402,3.0,266.36,9,Cash
534,2025-05-04,1070,2053,403,3.0,1830.45,10,Paypal
535,2025-05-04,1005,2009,403,2.0,53.05,12,Credit
536,2025-05-04,1063,2092,404,1.0,867.98,22,Credit
537,2025-05-04,1117,2013,402,2.0,2244.86,9,Cash
538,2025-05-04,1001,2050,403,3.0,0.0,18,Paypal
539,2025-05-04,1084,2056,403,3.0,1574.16,7,Paypal
540,2025-05-04,1166,2076,402,2.0,0.0,5,Credit
541,2025-05-04,1082,2077,402,3.0,0.0,8,Paypal
542,2025-05-04,1080,2022,404,2.0,1073.89,10,Credit
543,2025-05-04,1074,2094,404,1.0,444.02,15,Credit
544,2025-05-04,1083,2048,403,3.0,0.0,29,Paypal
545,2025-05-04,1093,2014,402,1.0,221.67,24,Paypal
546,2025-05-04,1174,2098,401,3.0,2723.58,0,Paypal
547,2025-05-04,1181,2026,404,2.0,507.74,29,Paypal
548,2025-05-04,1177,2008,404,3.0,332.95,13,Credit
549,2025-05-04,1035,2081,403,1.0,1343.2,11,Credit
550,2025-05-04,1064,2084,402,3.0,845.55,15,Paypal
551,2025-05-04,1096,2009,404,3.0,198.93,5,Credit
552,2025-05-04,1149,2051,404,0.0,0.0,5,Cash
553,2025-05-04,1092,2089,401,0.0,827.04,20,Paypal
554,2025-05-04,1196,2031,403,1.0,1526.31,18,Paypal
555,2025-05-04,1165,2078,401,3.0,142.01,25,Paypal
556,2025-05-04,1192,2042,404,0.0,1005.66,29,Credit
557,2025-05-04,1002,2012,403,1.0,560.87,0,Cash
558,2025-05-04,1130,2095,402,3.0,1963.16,21,Paypal
559,2025-05-04,1095,2050,404,1.0,168.1,13,Paypal
560,2025-05-04,1088,2003,404,0.0,385.18,16,Credit
561,2025-05-04,1075,2053,401,0.0,1830.45,11,Paypal
562,2025-05-04,1186,2018,403,2.0,1301.42,24,Credit
563,2025-05-04,1087,2058,402,3.0,2667.0,15,Cash
564,2025-05-04,1089,2060,401,3.0,408.38,1,Cash
565,2025-05-04,1184,2089,404,2.0,1984.9,16,Credit
566,2025-05-04,1017,2038,401,0.0,0.0,3,Credit
567,2025-05-04,1005,2043,401,1.0,786.1,16,Paypal
568,2025-05-04,1189,2031,402,1.0,2035.08,7,Cash
569,2025-05-04,1084,2071,404,3.0,0.0,26,Credit
570,2025-05-04,1059,2051,402,1.0,527.94,9,Paypal
571,2025-05-04,1163,2084,404,3.0,845.55,0,Cash
572,2025-05-04,1007,2094,402,3.0,493.35,3,Credit
573,2025-05-04,1151,2054,404,0.0,0.0,19,Cash
574,2025-05-04,1180,2027,402,2.0,0.0,5,Paypal
575,2025-05-04,1192,2090,401,0.0,286.56,10,Paypal
576,2025-05-04,1137,2023,403,2.0,1503.26,6,Credit
577,2025-05-04,1050,2058,401,2.0,1066.8,8,Paypal
578,2025-05-04,1171,2062,403,3.0,619.36,1,Cash
579,2025-05-04,1156,2050,401,2.0,0.0,22,Paypal
580,2025-05-04,1090,2058,402,2.0,1066.8,17,Cash
581,2025-05-04,1157,2075,401,1.0,702.58,17,Credit
582,2025-05-04,1080,2015,402,2.0,1619.93,26,Credit
583,2025-05-04,1029,2023,403,1.0,0.0,12,Paypal
584,2025-05-04,1130,2049,404,1.0,845.86,24,Paypal
585,2025-05-04,1147,2049,404,1.0,845.86,14,Paypal
586,2025-05-04,1124,2081,402,1.0,2686.39,23,Paypal
587,2025-05-04,1125,2036,402,1.0,588.55,30,Paypal
588,2025-05-04,1080,2057,401,2.0,699.17,2,Paypal
589,2025-05-04,1002,2062,402,1.0,1114.85,9,Credit
590,2025-05-04,1098,2071,404,3.0,1845.48,24,Cash
591,2025-05-04,1175,2062,404,3.0,1858.08,17,Cash
592,2025-05-04,1125,2021,401,0.0,1670.82,19,Cash
593,2025-05-04,1194,2028,403,0.0,637.94,24,Paypal
594,2025-05-04,1070,2028,403,1.0,0.0,22,Paypal
595,2025-05-04,1199,2058,404,0.0,2667.0,12,Paypal
596,2025-05-04,1146,2014,403,2.0,0.0,16,Credit
597,2025-05-04,1138,2096,401,3.0,2688.72,6,Credit
598,2025-05-04,1139,2027,404,0.0,258.61,17,Cash
599,2025-05-04,1188,2083,402,2.0,1229.06,6,Credit
600,2025-05-04,1008,2057,403,2.0,699.17,19,Cash
601,2025-05-04,1022,2056,401,1.0,2361.24,22,Cash
602,2025-05-04,1053,2094,403,3.0,493.35,5,Cash
603,2025-05-04,1042,2078,402,1.0,127.81,22,Paypal
604,2025-05-04,1052,2007,403,2.0,2333.56,1,Paypal
605,2025-05-04,1152,2068,402,2.0,656.19,23,Paypal
606,2025-05-04,1180,2037,403,2.0,288.11,23,Paypal
607,2025-05-04,1131,2086,401,1.0,2414.07,15,Cash
608,2025-05-04,1192,2052,401,2.0,0.0,19,Credit
609,2025-05-04,1167,2016,402,1.0,290.72,20,Cash
610,2025-05-04,1037,2091,403,1.0,0.0,7,Credit
611,2025-05-04,1194,2086,404,3.0,0.0,13,Credit
612,2025-05-04,1036,2073,403,3.0,1997.72,11,Paypal
613,2025-05-04,1096,2057,401,0.0,1310.94,9,Paypal
614,2025-05-04,1103,2065,403,2.0,376.27,21,Credit
615,2025-05-04,1116,2062,403,0.0,1238.72,0,Cash
616,2025-05-04,1198,2093,401,3.0,0.0,5,Cash
617,2025-05-04,1162,2085,403,0.0,0.0,23,Credit
618,2025-05-04,1136,2050,402,3.0,933.9,3,Paypal
619,2025-05-04,1054,2063,403,2.0,441.97,29,Paypal
621,2025-05-04,1087,2087,401,0.0,637.28,1,Paypal
622,2025-05-04,1025,2080,404,0.0,3329.04,28,Paypal
623,2025-05-04,1031,2020,404,3.0,1127.49,26,Paypal
624,2025-05-04,1000,2054,402,1.0,1620.92,23,Paypal
625,2025-05-04,1166,2038,402,2.0,2223.62,4,Cash
626,2025-05-04,1023,2083,403,2.0,1229.06,18,Paypal
627,2025-05-04,1021,2047,402,0.0,1674.9,22,Cash
629,2025-05-04,1109,2083,401,0.0,768.16,22,Paypal
630,2025-05-04,1000,2027,404,0.0,517.22,7,Cash
631,2025-05-04,1033,2075,402,3.0,780.64,15,Credit
632,2025-05-04,1002,2001,403,0.0,824.7,4,Credit
634,2025-05-04,1018,2029,404,0.0,27.02,21,Cash
635,2025-05-04,1187,2013,401,2.0,2993.15,14,Paypal
636,2025-05-04,1094,2038,402,3.0,926.51,3,Paypal
637,2025-05-04,1198,2096,402,1.0,1814.89,20,Credit
638,2025-05-04,1017,2067,401,1.0,523.71,30,Paypal
639,2025-05-04,1112,2044,402,1.0,560.47,29,Cash
640,2025-05-04,1105,2078,404,1.0,383.43,28,Paypal
641,2025-05-04,1022,2012,402,0.0,623.19,0,Paypal
642,2025-05-04,1150,2093,404,2.0,1814.26,5,Paypal
643,2025-05-04,1109,2040,402,1.0,31.09,13,Cash
644,2025-05-04,1070,2082,401,1.0,719.82,5,Paypal
645,2025-05-04,1141,2076,403,0.0,3224.28,4,Credit
646,2025-05-04,1168,2038,402,1.0,1667.72,28,Paypal
647,2025-05-04,1191,2050,403,0.0,560.34,13,Cash
648,2025-05-04,1005,2030,404,3.0,679.88,27,Paypal
649,2025-05-04,1028,2030,404,0.0,509.91,17,Cash
650,2025-05-04,1135,2001,403,2.0,989.64,18,Credit
651,2025-05-04,1033,2049,404,2.0,751.87,27,Paypal
652,2025-05-04,1139,2087,402,3.0,0.0,13,Credit
653,2025-05-04,1197,2009,401,0.0,265.24,7,Paypal
654,2025-05-04,1003,2033,402,0.0,836.25,27,Paypal
655,2025-05-04,1015,2050,403,3.0,560.34,11,Paypal
656,2025-05-04,1108,2089,404,0.0,413.52,7,Paypal
657,2025-05-04,1163,2068,402,2.0,3280.96,1,Credit
658,2025-05-04,1021,2039,401,1.0,878.8,11,Credit
659,2025-05-04,1039,2068,403,3.0,2460.72,28,Paypal
660,2025-05-04,1150,2081,401,2.0,1193.95,30,Cash
661,2025-05-04,1178,2055,402,0.0,53.94,10,Paypal
662,2025-05-04,1062,2011,404,0.0,0.0,8,Paypal
663,2025-05-04,1116,2078,401,2.0,0.0,11,Credit
664,2025-05-04,1170,2094,402,0.0,986.7,19,Credit
665,2025-05-04,1003,2090,402,0.0,143.28,4,Paypal
666,2025-05-04,1041,2063,403,2.0,1325.9,18,Credit
667,2025-05-04,1042,2047,402,2.0,803.95,26,Cash
668,2025-05-04,1187,2015,401,2.0,0.0,22,Paypal
669,2025-05-04,1109,2034,401,2.0,326.81,11,Cash
670,2025-05-04,1182,2073,401,3.0,499.43,9,Credit
671,2025-05-04,1116,2065,403,0.0,470.34,23,Cash
672,2025-05-04,1127,2072,402,2.0,1008.72,1,Credit
673,2025-05-04,1040,2032,401,0.0,0.0,6,Credit
674,2025-05-04,1058,2094,401,0.0,493.35,5,Credit
675,2025-05-04,1003,2031,401,3.0,1695.9,22,Paypal
676,2025-05-04,1093,2049,402,1.0,1691.71,5,Paypal
677,2025-05-04,1009,2070,404,1.0,30.76,23,Paypal
678,2025-05-04,1082,2031,404,2.0,452.24,21,Paypal
679,2025-05-04,1069,2009,403,0.0,0.0,18,Paypal
680,2025-05-04,1128,2086,401,1.0,804.69,15,Cash
681,2025-05-04,1057,2066,401,3.0,1548.18,7,Paypal
682,2025-05-04,1017,2059,403,2.0,409.64,11,Paypal
683,2025-05-04,1083,2011,404,0.0,1638.96,18,Paypal
684,2025-05-04,1094,2025,403,2.0,223.7,1,Cash
686,2025-05-04,1094,2075,404,1.0,702.58,19,Paypal
687,2025-05-04,1187,2069,402,1.0,627.45,16,Credit
688,2025-05-04,1001,2052,401,1.0,0.0,0,Paypal
689,2025-05-04,1138,2044,401,2.0,166.06,22,Paypal
690,2025-05-04,1000,2097,404,2.0,1347.36,12,Credit
691,2025-05-04,1026,2026,402,3.0,211.56,29,Paypal
692,2025-05-04,1125,2007,402,2.0,933.42,19,Credit
693,2025-05-04,1023,2005,402,3.0,1286.34,8,Credit
694,2025-05-04,1179,2047,404,0.0,669.96,25,Cash
695,2025-05-04,1148,2012,402,3.0,3115.95,24,Paypal
696,2025-05-04,1019,2075,401,3.0,2341.92,24,Paypal
697,2025-05-04,1169,2016,402,2.0,775.25,18,Paypal
698,2025-05-04,1066,2040,404,2.0,55.26,25,Credit
699,2025-05-04,1081,2057,403,1.0,393.28,28,Paypal
700,2025-05-04,1019,2025,402,0.0,559.24,27,Credit
702,2025-05-04,1119,2040,404,0.0,69.08,14,Paypal
703,2025-05-04,1137,2045,402,3.0,0.0,3,Credit
704,2025-05-04,1078,2059,403,0.0,1536.15,21,Paypal
705,2025-05-04,1023,2020,403,0.0,0.0,20,Credit
707,2025-05-04,1182,2031,403,3.0,1695.9,4,Paypal
708,2025-05-04,1131,2006,403,2.0,475.2,7,Credit
709,2025-05-04,1044,2003,404,3.0,1155.54,7,Credit
710,2025-05-04,1142,2095,402,0.0,2453.95,17,Credit
711,2025-05-04,1118,2013,402,0.0,1870.72,15,Paypal
712,2025-05-04,1003,2007,402,1.0,1050.1,17,Paypal
713,2025-05-04,1050,2051,403,0.0,117.32,20,Credit
714,2025-05-04,1149,2075,403,0.0,780.64,14,Cash
715,2025-05-04,1005,2008,402,3.0,466.13,4,Cash
716,2025-05-04,1032,2011,403,0.0,409.74,13,Paypal
717,2025-05-04,1010,2059,401,1.0,921.69,23,Paypal
718,2025-05-04,1146,2055,404,3.0,0.0,12,Paypal
719,2025-05-04,1007,2048,404,1.0,1287.47,13,Paypal
720,2025-05-04,1090,2027,402,2.0,413.78,12,Credit
721,2025-05-04,1071,2057,402,0.0,1310.94,29,Paypal
722,2025-05-04,1157,2079,402,2.0,2281.3,24,Paypal
723,2025-05-04,1127,2052,404,0.0,2193.78,4,Cash
724,2025-05-04,1022,2035,404,1.0,1619.98,25,Cash
725,2025-05-04,1107,2025,402,0.0,279.62,23,Credit
726,2025-05-04,1097,2091,403,3.0,2717.37,10,Paypal
727,2025-05-04,1139,2062,403,2.0,1486.46,29,Paypal
728,2025-05-04,1099,2034,402,0.0,408.51,30,Paypal
729,2025-05-04,1081,2076,402,0.0,2418.21,25,Cash
730,2025-05-04,1199,2035,401,3.0,2699.97,14,Cash
731,2025-05-04,1135,2045,402,1.0,842.78,0,Paypal
732,2025-05-04,1025,2031,402,2.0,904.48,18,Paypal
733,2025-05-04,1136,2094,401,1.0,0.0,19,Paypal
734,2025-05-04,1147,2049,403,1.0,3383.42,14,Credit
735,2025-05-04,1045,2030,403,2.0,407.93,28,Cash
736,2025-05-04,1151,2003,403,1.0,693.32,7,Credit
737,2025-05-04,1144,2024,404,2.0,298.25,12,Cash
738,2025-05-04,1044,2062,401,0.0,1238.72,8,Cash
739,2025-05-04,1014,2029,402,0.0,13.51,23,Paypal
740,2025-05-04,1134,2061,401,2.0,639.74,26,Paypal
741,2025-05-04,1157,2025,402,2.0,671.09,2,Cash
742,2025-05-04,1183,2022,403,0.0,2684.72,18,Paypal
743,2025-05-04,1005,2018,402,0.0,542.26,1,Paypal
744,2025-05-04,1134,2046,401,2.0,53.49,7,Paypal
745,2025-05-04,1180,2084,404,0.0,281.85,6,Credit
746,2025-05-04,1086,2038,403,1.0,1667.72,17,Paypal
747,2025-05-04,1040,2093,404,3.0,755.94,3,Paypal
748,2025-05-04,1166,2040,402,2.0,27.63,7,Paypal
749,2025-05-04,1057,2085,402,3.0,1452.9,11,Cash
750,2025-05-04,1078,2093,403,1.0,0.0,10,Paypal
751,2025-05-04,1045,2093,401,3.0,2267.82,1,Cash
752,2025-05-04,1197,2072,401,1.0,1513.08,25,Cash
753,2025-05-04,1154,2040,402,0.0,69.08,6,Paypal
754,2025-05-04,1127,2018,403,0.0,0.0,30,Credit
755,2025-05-04,1060,2044,403,1.0,934.11,7,Credit
756,2025-05-04,1162,2011,403,3.0,1229.22,13,Credit
757,2025-05-04,1002,2033,402,1.0,3010.5,15,Credit
758,2025-05-04,1177,2008,403,2.0,159.82,21,Cash
759,2025-05-04,1027,2092,401,0.0,482.21,2,Cash
760,2025-05-04,1098,2056,404,1.0,944.5,27,Cash
761,2025-05-04,1105,2063,404,2.0,2209.84,15,Cash
762,2025-05-04,1139,2048,401,3.0,357.63,6,Paypal
763,2025-05-04,1147,2083,402,1.0,691.34,11,Cash
764,2025-05-04,1115,2009,401,2.0,53.05,15,Credit
765,2025-05-04,1005,2040,403,0.0,103.62,5,Paypal
766,2025-05-04,1018,2043,402,3.0,2620.35,16,Paypal
767,2025-05-04,1041,2093,401,0.0,755.94,24,Paypal
768,2025-05-04,1086,2076,404,0.0,0.0,11,Credit
769,2025-05-04,1110,2083,402,3.0,768.16,22,Credit
770,2025-05-04,1040,2006,401,2.0,0.0,0,Paypal
771,2025-05-04,1052,2024,404,2.0,298.25,16,Cash
772,2025-05-04,1169,2036,403,1.0,392.36,7,Credit
773,2025-05-04,1024,2006,404,3.0,0.0,16,Paypal
774,2025-05-04,1039,2006,403,0.0,198.0,10,Paypal
775,2025-05-04,1109,2011,403,3.0,1638.96,16,Paypal
776,2025-05-04,1051,2012,401,1.0,1121.74,11,Credit
777,2025-05-04,1043,2081,403,0.0,746.22,21,Paypal
778,2025-05-04,1121,2014,403,3.0,985.2,26,Paypal
779,2025-05-04,1120,2062,403,0.0,2477.44,27,Paypal
780,2025-05-04,1164,2069,404,1.0,0.0,19,Cash
781,2025-05-04,1094,2048,403,1.0,321.87,7,Cash
782,2025-05-04,1114,2005,403,3.0,428.78,14,Paypal
783,2025-05-04,1119,2033,402,2.0,1338.0,5,Cash
784,2025-05-04,1144,2007,402,0.0,1166.78,15,Paypal
785,2025-05-04,1021,2085,403,3.0,0.0,3,Credit
786,2025-05-04,1193,2075,402,0.0,1561.28,20,Cash
787,2025-05-04,1099,2066,404,3.0,0.0,23,Paypal
788,2025-05-04,1146,2030,404,2.0,543.9,0,Paypal
789,2025-05-04,1020,2050,401,1.0,168.1,3,Cash
790,2025-05-04,1030,2096,404,1.0,3024.81,16,Paypal
791,2025-05-04,1042,2027,402,1.0,232.75,10,Cash
792,2025-05-04,1010,2054,401,3.0,900.51,29,Credit
793,2025-05-04,1051,2080,402,2.0,0.0,27,Paypal
794,2025-05-04,1081,2093,401,0.0,755.94,18,Paypal
795,2025-05-04,1099,2071,404,2.0,984.26,11,Paypal
796,2025-05-04,1070,2066,404,0.0,0.0,2,Paypal
797,2025-05-04,1179,2079,404,0.0,2851.62,30,Credit
799,2025-05-04,1027,2072,401,2.0,672.48,7,Paypal
800,2025-05-04,1137,2044,404,2.0,830.32,30,Credit
801,2025-05-04,1098,2083,404,3.0,2304.48,13,Credit
802,2025-05-04,1009,2022,403,3.0,2684.72,21,Cash
803,2025-05-04,1036,2079,404,0.0,950.54,25,Credit
804,2025-05-04,1101,2042,402,0.0,335.22,7,Credit
805,2025-05-04,1190,2060,403,2.0,0.0,27,Paypal
806,2025-05-04,1005,2043,403,2.0,2096.28,15,Credit
807,2025-05-04,1071,2062,401,1.0,557.42,13,Paypal
808,2025-05-04,1034,2038,404,2.0,2223.62,2,Credit
809,2025-05-04,1068,2093,404,0.0,2267.82,6,Credit
810,2025-05-04,1048,2056,402,3.0,524.72,23,Paypal
811,2025-05-04,1189,2062,403,0.0,1858.08,3,Paypal
812,2025-05-04,1131,2020,401,2.0,0.0,13,Credit
813,2025-05-04,1181,2064,404,1.0,264.64,2,Credit
814,2025-05-04,1199,2067,401,1.0,0.0,19,Cash
815,2025-05-04,1049,2025,401,1.0,503.32,27,Credit
816,2025-05-04,1008,2058,401,2.0,533.4,18,Paypal
817,2025-05-04,1180,2025,403,2.0,894.78,2,Paypal
818,2025-05-04,1118,2064,404,0.0,882.12,4,Paypal
819,2025-05-04,1174,2003,402,2.0,308.14,15,Cash
820,2025-05-04,1125,2076,404,1.0,725.46,11,Credit
821,2025-05-04,1121,2075,403,2.0,2498.05,12,Paypal
822,2025-05-04,1041,2033,401,2.0,669.0,30,Paypal
823,2025-05-04,1007,2049,401,1.0,845.86,2,Paypal
824,2025-05-04,1146,2099,402,1.0,581.69,24,Paypal
825,2025-05-04,1165,2028,402,2.0,1531.06,0,Paypal
826,2025-05-04,1166,2052,401,0.0,731.26,7,Credit
827,2025-05-04,1121,2016,402,0.0,646.04,9,Cash
829,2025-05-04,1108,2048,403,3.0,357.63,7,Cash
830,2025-05-04,1064,2027,404,2.0,413.78,28,Paypal
831,2025-05-04,1173,2066,404,0.0,2580.3,6,Cash
832,2025-05-04,1001,2065,403,2.0,376.27,17,Credit
833,2025-05-04,1076,2087,401,3.0,796.6,11,Paypal
834,2025-05-04,1016,2043,403,2.0,2795.04,24,Paypal
835,2025-05-04,1070,2033,403,1.0,752.62,10,Cash
836,2025-05-04,1038,2066,402,0.0,1032.12,23,Paypal
837,2025-05-04,1153,2051,403,1.0,316.76,2,Paypal
838,2025-05-04,1184,2003,404,2.0,1848.86,24,Paypal
839,2025-05-04,1066,2053,404,3.0,0.0,15,Paypal
840,2025-05-04,1188,2004,402,2.0,2967.2,14,Credit
842,2025-05-04,1171,2045,403,1.0,280.93,25,Cash
843,2025-05-04,1168,2071,402,2.0,1968.51,4,Paypal
844,2025-05-04,1024,2060,402,2.0,326.7,5,Credit
845,2025-05-04,1185,2071,402,2.0,984.26,10,Credit
846,2025-05-04,1167,2011,402,2.0,327.79,27,Cash
847,2025-05-04,1057,2095,403,3.0,2453.95,7,Credit
848,2025-05-04,1084,2047,403,2.0,803.95,27,Paypal
850,2025-05-04,1162,2074,401,3.0,659.5,30,Cash
851,2025-05-04,1049,2064,401,3.0,882.12,11,Paypal
852,2025-05-04,1135,2038,404,0.0,926.51,23,Credit
853,2025-05-04,1038,2017,402,2.0,741.92,28,Paypal
854,2025-05-04,1104,2072,404,1.0,1134.81,1,Paypal
855,2025-05-04,1080,2091,402,0.0,2717.37,6,Credit
856,2025-05-04,1124,2042,402,2.0,0.0,15,Credit
857,2025-05-04,1162,2007,401,3.0,583.39,20,Paypal
858,2025-05-04,1070,2026,402,1.0,190.4,29,Paypal
859,2025-05-04,1125,2097,401,1.0,3031.56,19,Credit
860,2025-05-04,1157,2055,404,3.0,53.94,4,Paypal
861,2025-05-04,1109,2061,404,0.0,799.68,18,Paypal
862,2025-05-04,1009,2068,402,2.0,0.0,10,Paypal
863,2025-05-04,1003,2041,402,0.0,2412.63,18,Credit
864,2025-05-04,1173,2000,402,1.0,872.38,24,Paypal
865,2025-05-04,1177,2044,403,1.0,373.64,0,Paypal
866,2025-05-04,1026,2049,403,1.0,3383.42,24,Paypal
867,2025-05-04,1016,2005,403,2.0,686.05,29,Cash
868,2025-05-04,1116,2093,403,3.0,755.94,19,Credit
869,2025-05-04,1175,2017,403,3.0,463.7,6,Paypal
870,2025-05-04,1091,2096,402,1.0,1209.92,3,Paypal
871,2025-05-04,1103,2002,402,1.0,779.4,1,Paypal
872,2025-05-04,1186,2016,402,0.0,646.04,15,Paypal
873,2025-05-04,1150,2064,402,0.0,294.04,3,Credit
874,2025-05-04,1093,2091,401,3.0,2717.37,12,Paypal
875,2025-05-04,1163,2032,401,0.0,0.0,5,Paypal
876,2025-05-04,1169,2013,401,0.0,935.36,16,Cash
877,2025-05-04,1176,2014,404,3.0,1231.5,28,Credit
878,2025-05-04,1097,2015,403,3.0,2699.88,2,Paypal
879,2025-05-04,1179,2019,402,0.0,1867.86,21,Credit
880,2025-05-04,1077,2053,401,2.0,976.24,7,Paypal
881,2025-05-04,1159,2077,402,3.0,561.83,21,Paypal
882,2025-05-04,1026,2065,401,2.0,1881.36,25,Credit
883,2025-05-04,1029,2013,404,1.0,0.0,17,Paypal
884,2025-05-04,1155,2025,403,1.0,503.32,18,Paypal
885,2025-05-04,1091,2090,404,2.0,171.94,16,Paypal
886,2025-05-04,1041,2005,404,1.0,385.9,30,Cash
887,2025-05-04,1176,2061,403,1.0,359.86,21,Paypal
888,2025-05-04,1000,2001,401,0.0,1649.4,9,Paypal
889,2025-05-04,1146,2085,404,1.0,653.81,28,Paypal
890,2025-05-04,1023,2099,401,0.0,1292.64,4,Credit
891,2025-05-04,1065,2082,402,3.0,266.6,6,Paypal
892,2025-05-04,1075,2033,404,0.0,2508.75,28,Paypal
893,2025-05-04,1025,2022,401,2.0,1073.89,0,Paypal
894,2025-05-04,1092,2086,403,3.0,894.1,0,Cash
895,2025-05-04,1189,2014,401,0.0,0.0,15,Credit
896,2025-05-04,1002,2017,402,2.0,0.0,15,Paypal
897,2025-05-04,1091,2056,403,0.0,1049.44,25,Paypal
898,2025-05-04,1095,2043,402,0.0,0.0,8,Credit
899,2025-05-04,1102,2051,404,2.0,93.86,29,Cash
900,2025-05-04,1098,2088,404,3.0,0.0,21,Credit
901,2025-05-04,1166,2021,401,1.0,0.0,9,Cash
902,2025-05-04,1178,2092,401,1.0,867.98,2,Paypal
903,2025-05-04,1026,2053,404,3.0,1830.45,16,Credit
904,2025-05-04,1046,2078,404,2.0,454.43,19,Credit
905,2025-05-04,1156,2003,402,3.0,1925.9,25,Credit
906,2025-05-04,1124,2014,404,3.0,0.0,13,Paypal
907,2025-05-04,1011,2008,403,2.0,106.54,23,Paypal
908,2025-05-04,1003,2090,402,2.0,57.31,17,Credit
909,2025-05-04,1132,2066,401,3.0,1548.18,6,Paypal
910,2025-05-04,1169,2093,402,3.0,755.94,16,Cash
911,2025-05-04,1088,2084,404,1.0,0.0,21,Cash
912,2025-05-04,1142,2078,401,0.0,568.04,20,Paypal
913,2025-05-04,1164,2020,404,3.0,1879.15,14,Paypal
914,2025-05-04,1042,2009,404,2.0,53.05,10,Credit
915,2025-05-04,1061,2042,403,0.0,167.61,6,Credit
916,2025-05-04,1129,2028,404,3.0,2551.76,8,Cash
917,2025-05-04,1060,2010,404,3.0,544.88,0,Credit
918,2025-05-04,1146,2057,401,3.0,436.98,9,Paypal
919,2025-05-04,1114,2040,401,3.0,34.54,14,Credit
920,2025-05-04,1190,2083,401,0.0,2304.48,9,Paypal
921,2025-05-04,1103,2052,401,0.0,2193.78,28,Credit
922,2025-05-04,1023,2077,403,1.0,505.65,7,Paypal
923,2025-05-04,1167,2085,404,2.0,387.44,11,Credit
924,2025-05-04,1093,2006,402,3.0,594.0,2,Cash
925,2025-05-04,1084,2071,404,2.0,492.13,28,Credit
926,2025-05-04,1183,2057,401,0.0,873.96,12,Credit
927,2025-05-04,1194,2084,402,0.0,563.7,27,Cash
928,2025-05-04,1087,2045,403,2.0,499.42,7,Paypal
929,2025-05-04,1179,2013,401,1.0,1683.65,25,Credit
930,2025-05-04,1126,2017,404,0.0,927.4,9,Cash
931,2025-05-04,1065,2078,402,1.0,127.81,17,Credit
932,2025-05-04,1030,2050,402,3.0,186.78,9,Paypal
933,2025-05-04,1005,2024,403,0.0,621.35,4,Paypal
934,2025-05-04,1193,2053,401,0.0,1830.45,22,Cash
935,2025-05-04,1197,2057,404,1.0,1179.85,10,Paypal
936,2025-05-04,1127,2000,401,3.0,969.31,5,Cash
937,2025-05-04,1149,2061,402,1.0,359.86,1,Cash
938,2025-05-04,1187,2016,401,3.0,2584.16,14,Cash
939,2025-05-04,1168,2076,403,3.0,2418.21,29,Credit
940,2025-05-04,1107,2077,402,2.0,898.93,15,Credit
942,2025-05-04,1034,2017,404,2.0,0.0,20,Paypal
943,2025-05-04,1179,2070,403,1.0,61.52,19,Paypal
944,2025-05-04,1051,2026,403,2.0,338.5,14,Credit
945,2025-05-04,1172,2016,402,2.0,516.83,17,Paypal
946,2025-05-04,1181,2014,403,3.0,246.3,4,Paypal
947,2025-05-04,1149,2073,404,2.0,799.09,24,Cash
948,2025-05-04,1108,2001,401,0.0,412.35,1,Paypal
949,2025-05-04,1097,2018,401,0.0,1084.52,7,Cash
950,2025-05-04,1051,2034,402,2.0,217.87,10,Paypal
952,2025-05-04,1176,2037,402,0.0,720.28,10,Cash
953,2025-05-04,1091,2057,401,1.0,786.56,25,Cash
954,2025-05-04,1190,2082,404,1.0,239.94,4,Paypal
955,2025-05-04,1130,2089,403,0.0,413.52,12,Paypal
956,2025-05-04,1097,2049,404,2.0,0.0,19,Credit
957,2025-05-04,1141,2006,401,2.0,0.0,17,Paypal
958,2025-05-04,1051,2079,404,1.0,1710.97,20,Cash
959,2025-05-04,1162,2090,403,1.0,257.9,2,Paypal
960,2025-05-04,1198,2092,402,2.0,771.54,7,Cash
961,2025-05-04,1114,2022,401,1.0,3020.31,21,Paypal
962,2025-05-04,1044,2094,401,3.0,493.35,4,Cash
963,2025-05-04,1010,2054,403,2.0,720.41,9,Paypal
964,2025-05-04,1033,2020,403,0.0,751.66,27,Credit
965,2025-05-04,1084,2059,402,0.0,0.0,6,Paypal
966,2025-05-04,1039,2041,401,2.0,0.0,28,Cash
967,2025-05-04,1125,2073,403,0.0,1997.72,7,Paypal
968,2025-05-04,1005,2090,403,1.0,193.43,18,Cash
969,2025-05-04,1047,2066,401,1.0,464.45,2,Paypal
970,2025-05-04,1106,2069,404,0.0,464.78,12,Cash
971,2025-05-04,1089,2028,402,2.0,0.0,26,Paypal
972,2025-05-04,1084,2046,403,1.0,0.0,21,Paypal
973,2025-05-04,1192,2079,404,0.0,950.54,12,Credit
974,2025-05-04,1029,2085,403,3.0,726.45,5,Cash
975,2025-05-04,1061,2082,402,0.0,533.2,4,Paypal
976,2025-05-04,1174,2041,404,0.0,804.21,15,Paypal
977,2025-05-04,1098,2032,403,0.0,0.0,9,Paypal
979,2025-05-04,1124,2005,403,1.0,1157.71,28,Paypal
980,2025-05-04,1082,2065,401,0.0,1411.02,5,Cash
982,2025-05-04,1053,2085,402,3.0,726.45,6,Cash
983,2025-05-04,1026,2026,404,0.0,423.12,20,Cash
984,2025-05-04,1191,2087,402,0.0,477.96,28,Paypal
985,2025-05-04,1117,2091,403,0.0,1811.58,6,Cash
986,2025-05-04,1022,2009,401,1.0,119.36,26,Paypal
987,2025-05-04,1064,2071,401,1.0,1107.29,27,Paypal
989,2025-05-04,1161,2051,404,2.0,375.42,24,Cash
990,2025-05-04,1004,2049,401,0.0,939.84,9,Credit
991,2025-05-04,1164,2092,401,0.0,2893.26,26,Cash
992,2025-05-04,1179,2009,403,0.0,66.31,7,Paypal
993,2025-05-04,1074,2087,403,0.0,477.96,24,Paypal
994,2025-05-04,1072,2097,404,3.0,842.1,14,Credit
995,2025-05-04,1101,2084,401,3.0,1127.4,25,Paypal
996,2025-05-04,1040,2068,402,1.0,2952.86,2,Paypal
997,2025-05-04,1191,2050,403,1.0,504.31,10,Credit
998,2025-05-04,1076,2086,403,0.0,2682.3,20,Paypal
999,2025-05-04,1141,2071,402,0.0,1230.32,12,Paypal
1001,2025-05-04,1078,2026,403,1.0,761.62,24,Paypal
1002,2025-05-04,1105,2082,402,1.0,239.94,19,Credit
1003,2025-05-04,1047,2028,403,1.0,1148.29,24,Paypal
1004,2025-05-04,1029,2023,401,3.0,2818.62,10,Paypal
1005,2025-05-04,1165,2070,401,2.0,54.69,29,Paypal
1006,2025-05-04,1171,2008,403,0.0,133.18,1,Credit
1007,2025-05-04,1050,2092,404,2.0,771.54,17,Paypal
1008,2025-05-04,1091,2016,402,0.0,1292.08,27,Cash
1009,2025-05-04,1072,2079,401,1.0,855.49,17,Cash
1010,2025-05-04,1081,2062,404,2.0,495.49,28,Credit
1011,2025-05-04,1157,2084,403,1.0,253.67,7,Cash
1012,2025-05-04,1144,2072,403,2.0,672.48,3,Paypal
1013,2025-05-04,1109,2021,401,2.0,668.33,25,Paypal
1014,2025-05-04,1063,2028,404,2.0,510.35,9,Cash
1015,2025-05-04,1092,2017,403,3.0,1854.8,5,Cash
1016,2025-05-04,1118,2057,403,2.0,699.17,4,Credit
1017,2025-05-04,1124,2070,401,1.0,30.76,13,Paypal
1018,2025-05-04,1165,2077,401,2.0,449.46,19,Paypal
1019,2025-05-04,1035,2068,402,2.0,1968.58,25,Credit
1020,2025-05-04,1187,2080,401,0.0,0.0,8,Credit
1021,2025-05-04,1004,2064,401,3.0,882.12,7,Credit
1022,2025-05-04,1196,2075,402,0.0,2341.92,2,Cash
1023,2025-05-04,1141,2033,404,1.0,0.0,22,Credit
1024,2025-05-04,1093,2050,402,2.0,448.27,2,Paypal
1025,2025-05-04,1034,2059,401,3.0,1536.15,16,Paypal
1026,2025-05-04,1093,2064,401,1.0,793.91,2,Paypal
1027,2025-05-04,1157,2087,402,1.0,286.78,2,Paypal
1028,2025-05-04,1114,2020,402,1.0,676.49,26,Paypal
1029,2025-05-04,1188,2093,404,2.0,1814.26,6,Paypal
1030,2025-05-04,1010,2028,404,1.0,1148.29,22,Cash
1031,2025-05-04,1016,2033,403,1.0,2257.88,17,Paypal
1032,2025-05-04,1010,2085,402,2.0,387.44,16,Paypal
1033,2025-05-04,1099,2060,404,0.0,0.0,30,Credit
1034,2025-05-04,1010,2083,403,0.0,768.16,11,Paypal
1035,2025-05-04,1180,2066,403,2.0,1238.54,18,Paypal
1036,2025-05-04,1148,2069,402,3.0,697.17,29,Cash
1037,2025-05-04,1167,2048,403,0.0,1072.89,21,Paypal
1038,2025-05-04,1132,2032,404,1.0,851.04,11,Credit
1039,2025-05-04,1132,2051,403,2.0,187.71,10,Credit
1040,2025-05-04,1124,2061,401,1.0,0.0,27,Paypal
1041,2025-05-04,1112,2021,402,0.0,835.41,8,Paypal
1042,2025-05-04,1131,2082,403,1.0,239.94,3,Credit
1043,2025-05-04,1038,2023,402,2.0,0.0,25,Paypal
1044,2025-05-04,1154,2091,401,1.0,3260.84,4,Paypal
1045,2025-05-04,1106,2042,401,3.0,1173.27,0,Cash
1046,2025-05-04,1172,2061,404,1.0,719.71,0,Credit
1047,2025-05-04,1151,2020,404,0.0,1127.49,2,Paypal
1048,2025-05-04,1062,2005,402,1.0,385.9,16,Paypal
1049,2025-05-04,1034,2080,401,1.0,2996.14,26,Credit
1050,2025-05-04,1014,2021,403,1.0,1503.74,0,Paypal
1051,2025-05-04,1132,2051,401,2.0,281.57,26,Paypal
1052,2025-05-04,1021,2027,404,3.0,775.83,5,Paypal
1053,2025-05-04,1123,2021,402,3.0,0.0,12,Paypal
1054,2025-05-04,1153,2018,402,2.0,867.62,5,Paypal
1055,2025-05-04,1042,2092,403,3.0,1446.63,14,Credit
1056,2025-05-04,1152,2075,401,1.0,2107.73,28,Credit
1057,2025-05-04,1096,2049,402,0.0,939.84,6,Credit
1058,2025-05-04,1004,2025,404,1.0,0.0,14,Paypal
1059,2025-05-04,1155,2012,402,3.0,623.19,8,Cash
1060,2025-05-04,1157,2076,401,0.0,2418.21,27,Credit
1061,2025-05-04,1023,2061,402,0.0,199.92,11,Paypal
1062,2025-05-04,1198,2086,404,3.0,894.1,24,Paypal
1063,2025-05-04,1094,2005,404,1.0,771.8,6,Paypal
1065,2025-05-04,1150,2094,401,3.0,2466.75,27,Paypal
1066,2025-05-04,1034,2032,404,1.0,1702.08,5,Paypal
1067,2025-05-04,1021,2036,404,2.0,348.77,7,Paypal
1069,2025-05-04,1133,2000,404,1.0,872.38,18,Cash
1070,2025-05-04,1176,2040,404,2.0,55.26,30,Paypal
1071,2025-05-04,1027,2019,404,2.0,747.14,25,Cash
1072,2025-05-04,1066,2068,404,2.0,1968.58,16,Cash
1073,2025-05-04,1156,2035,404,1.0,0.0,17,Paypal
1074,2025-05-04,1105,2070,404,1.0,0.0,11,Credit
1075,2025-05-04,1094,2071,404,2.0,984.26,7,Cash
1076,2025-05-04,1078,2073,403,3.0,499.43,22,Paypal
1077,2025-05-04,1188,2017,401,1.0,417.33,22,Credit
1078,2025-05-04,1114,2089,402,0.0,827.04,22,Credit
1079,2025-05-04,1054,2065,404,2.0,376.27,13,Paypal
1080,2025-05-04,1140,2078,401,1.0,255.62,6,Cash
1081,2025-05-04,1099,2081,401,0.0,1492.44,2,Cash
1082,2025-05-04,1037,2060,404,0.0,1225.14,10,Paypal
1083,2025-05-04,1016,2033,402,2.0,2007.0,0,Paypal
1084,2025-05-04,1020,2077,401,3.0,561.83,8,Paypal
1085,2025-05-04,1102,2078,403,0.0,142.01,27,Paypal
1086,2025-05-04,1198,2022,404,3.0,671.18,7,Paypal
1087,2025-05-04,1002,2025,403,1.0,503.32,8,Credit
1088,2025-05-04,1008,2076,402,1.0,1450.93,3,Paypal
1089,2025-05-04,1172,2004,403,1.0,834.52,15,Credit
1090,2025-05-04,1167,2000,402,0.0,969.31,30,Credit
1091,2025-05-04,1070,2099,404,2.0,1551.17,30,Cash
1092,2025-05-04,1171,2050,404,1.0,168.1,3,Paypal
1093,2025-05-04,1132,2001,401,0.0,2061.75,20,Paypal
1094,2025-05-04,1140,2036,403,2.0,348.77,16,Credit
1095,2025-05-04,1070,2028,402,3.0,2551.76,18,Paypal
1096,2025-05-04,1103,2073,401,2.0,0.0,6,Paypal
1097,2025-05-04,1044,2052,401,0.0,2193.78,26,Paypal
1098,2025-05-04,1128,2037,403,0.0,0.0,24,Paypal
1100,2025-05-04,1096,2072,404,1.0,378.27,12,Paypal
1101,2025-05-04,1193,2043,404,3.0,2620.35,16,Paypal
1102,2025-05-04,1150,2003,404,0.0,1155.54,16,Cash
1103,2025-05-04,1066,2008,404,1.0,59.93,13,Paypal
1104,2025-05-04,1173,2089,402,2.0,0.0,6,Cash
1105,2025-05-04,1105,2045,401,2.0,499.42,27,Credit
1106,2025-05-04,1063,2036,401,3.0,653.94,23,Cash
1107,2025-05-04,1172,2095,403,0.0,981.58,25,Cash
1108,2025-05-04,1141,2022,404,2.0,0.0,7,Paypal
1109,2025-05-04,1090,2027,403,1.0,698.25,15,Paypal
1110,2025-05-04,1191,2087,402,3.0,955.92,5,Paypal
1111,2025-05-04,1188,2025,402,1.0,251.66,21,Credit
1112,2025-05-04,1067,2026,402,1.0,380.81,14,Paypal
1113,2025-05-04,1063,2079,403,1.0,1710.97,3,Paypal
1115,2025-05-04,1173,2084,404,0.0,281.85,1,Credit
1116,2025-05-04,1195,2069,401,3.0,697.17,21,Paypal
1117,2025-05-04,1095,2079,403,3.0,950.54,6,Cash
1118,2025-05-04,1147,2035,404,1.0,809.99,1,Credit
1119,2025-05-04,1195,2065,403,3.0,1411.02,13,Cash
1120,2025-05-04,1056,2096,402,0.0,0.0,6,Cash
1122,2025-05-04,1128,2044,404,1.0,373.64,12,Cash
1123,2025-05-04,1117,2015,404,2.0,1619.93,28,Cash
1124,2025-05-04,1176,2001,401,1.0,371.12,29,Credit
1125,2025-05-04,1097,2074,401,2.0,527.6,7,Paypal
1126,2025-05-04,1092,2078,403,1.0,383.43,0,Cash
1127,2025-05-04,1140,2033,402,2.0,1338.0,1,Cash
1128,2025-05-04,1120,2078,403,2.0,227.22,22,Credit
1129,2025-05-04,1047,2063,404,1.0,0.0,29,Cash
1130,2025-05-04,1107,2089,403,2.0,330.82,12,Credit
1131,2025-05-04,1102,2035,404,1.0,1619.98,26,Cash
1132,2025-05-04,1146,2016,402,0.0,0.0,1,Paypal
1133,2025-05-04,1184,2034,402,3.0,680.85,5,Paypal
1134,2025-05-04,1097,2025,402,1.0,1258.29,17,Paypal
1135,2025-05-04,1121,2001,402,3.0,0.0,12,Cash
1136,2025-05-04,1127,2017,403,3.0,0.0,23,Paypal
1138,2025-05-04,1025,2088,402,0.0,0.0,20,Paypal
1139,2025-05-04,1055,2032,404,0.0,945.6,7,Credit
1140,2025-05-04,1115,2095,403,2.0,0.0,26,Paypal
1141,2025-05-04,1092,2046,403,2.0,80.23,30,Cash
1142,2025-05-04,1005,2052,401,2.0,1170.02,24,Credit
1143,2025-05-04,1173,2077,402,1.0,1516.94,30,Cash
1144,2025-05-04,1199,2036,403,2.0,871.92,20,Paypal
1145,2025-05-04,1172,2065,404,3.0,2822.04,21,Cash
1146,2025-05-04,1020,2048,403,3.0,1072.89,21,Credit
1147,2025-05-04,1161,2018,402,2.0,1301.42,22,Paypal
1149,2025-05-04,1020,2020,403,1.0,1014.74,14,Paypal
1150,2025-05-04,1080,2040,403,2.0,55.26,16,Paypal
1151,2025-05-04,1154,2082,404,2.0,639.84,24,Paypal
1152,2025-05-04,1113,2099,403,3.0,646.32,5,Paypal
1153,2025-05-04,1105,2021,402,0.0,835.41,16,Paypal
1154,2025-05-04,1032,2093,402,2.0,2419.01,3,Cash
1155,2025-05-04,1190,2089,401,1.0,0.0,10,Paypal
1156,2025-05-04,1042,2050,401,0.0,1120.68,4,Paypal
1157,2025-05-04,1016,2060,401,0.0,816.76,7,Cash
1158,2025-05-04,1197,2050,401,0.0,560.34,22,Paypal
1159,2025-05-04,1067,2079,402,0.0,1901.08,9,Credit
1160,2025-05-04,1167,2049,403,1.0,0.0,16,Paypal
1161,2025-05-04,1063,2094,403,3.0,493.35,2,Paypal
1162,2025-05-04,1160,2016,402,1.0,1162.87,13,Cash
1163,2025-05-04,1007,2004,403,2.0,2225.4,9,Credit
1164,2025-05-04,1121,2059,403,3.0,2048.2,0,Credit
1165,2025-05-04,1034,2089,402,3.0,2481.12,22,Credit
1166,2025-05-04,1161,2095,404,2.0,392.63,24,Paypal
1167,2025-05-04,1088,2061,402,0.0,799.68,4,Paypal
1168,2025-05-04,1113,2039,403,3.0,976.44,27,Paypal
1169,2025-05-04,1066,2019,403,0.0,933.93,0,Paypal
1170,2025-05-04,1000,2066,402,2.0,412.85,20,Paypal
1171,2025-05-04,1073,2060,401,3.0,0.0,16,Credit
1172,2025-05-04,1193,2061,403,0.0,199.92,15,Paypal
1173,2025-05-04,1196,2055,403,1.0,194.18,10,Paypal
1174,2025-05-04,1001,2070,403,1.0,61.52,27,Credit
1175,2025-05-04,1105,2071,404,3.0,615.16,24,Paypal
1176,2025-05-04,1063,2020,404,3.0,375.83,9,Paypal
1177,2025-05-04,1056,2033,401,3.0,836.25,30,Cash
1178,2025-05-04,1160,2030,403,2.0,271.95,30,Credit
1179,2025-05-04,1166,2095,403,3.0,1472.37,15,Paypal
1180,2025-05-04,1048,2008,402,1.0,0.0,15,Paypal
1181,2025-05-04,1074,2014,404,3.0,738.9,22,Paypal
1182,2025-05-04,1069,2089,404,1.0,372.17,23,Paypal
1183,2025-05-04,1082,2002,402,0.0,1732.0,15,Paypal
1184,2025-05-04,1136,2002,402,0.0,1732.0,9,Cash
1185,2025-05-04,1072,2034,402,3.0,0.0,11,Cash
1186,2025-05-04,1186,2001,402,0.0,824.7,25,Paypal
1187,2025-05-04,1038,2001,404,1.0,0.0,17,Paypal
1188,2025-05-04,1087,2053,403,3.0,2440.6,14,Cash
1189,2025-05-04,1095,2059,401,2.0,1638.56,21,Credit
1190,2025-05-04,1020,2096,402,0.0,2688.72,3,Credit
1191,2025-05-04,1068,2099,404,0.0,1938.96,10,Paypal
1192,2025-05-04,1139,2060,402,1.0,1102.63,10,Paypal
1193,2025-05-04,1064,2048,401,0.0,715.26,9,Cash
1194,2025-05-04,1196,2091,402,3.0,0.0,16,Paypal
1195,2025-05-04,1197,2056,402,0.0,1049.44,8,Cash
1196,2025-05-04,1050,2058,401,1.0,1800.22,12,Paypal
1197,2025-05-04,1121,2049,403,2.0,751.87,19,Paypal
1198,2025-05-04,1040,2080,401,0.0,1664.52,0,Paypal
1199,2025-05-04,1064,2061,403,1.0,179.93,30,Paypal
1200,2025-05-04,1092,2006,402,0.0,198.0,7,Credit
1201,2025-05-04,1060,2081,404,2.0,1193.95,13,Credit
1202,2025-05-04,1003,2021,403,0.0,2506.23,5,Cash
1203,2025-05-04,1101,2031,401,0.0,1130.6,5,Paypal
1204,2025-05-04,1148,2088,404,1.0,0.0,4,Paypal
1205,2025-05-04,1095,2098,401,1.0,2451.22,10,Cash
1206,2025-05-04,1040,2063,401,2.0,883.94,25,Paypal
1207,2025-05-04,1194,2080,401,0.0,1664.52,17,Paypal
1208,2025-05-04,1091,2082,402,0.0,0.0,27,Credit
1209,2025-05-04,1032,2062,402,2.0,1981.95,26,Paypal
1210,2025-05-04,1142,2082,403,3.0,799.8,8,Cash
1211,2025-05-04,1187,2024,401,3.0,372.81,15,Credit
1212,2025-05-04,1091,2092,402,2.0,385.77,15,Paypal
1213,2025-05-04,1010,2062,404,2.0,990.98,0,Cash
1214,2025-05-04,1138,2089,404,1.0,744.34,29,Paypal
1215,2025-05-04,1145,2023,403,2.0,1503.26,21,Credit
1216,2025-05-04,1187,2059,403,1.0,1843.38,20,Paypal
1217,2025-05-04,1017,2067,402,3.0,0.0,16,Paypal
1218,2025-05-04,1075,2033,403,3.0,836.25,3,Paypal
1219,2025-05-04,1000,2099,404,1.0,2326.75,8,Paypal
1220,2025-05-04,1004,2079,403,1.0,0.0,2,Paypal
1221,2025-05-04,1082,2092,401,3.0,0.0,9,Cash
1222,2025-05-04,1048,2067,404,1.0,785.56,10,Credit
1223,2025-05-04,1156,2036,403,3.0,0.0,30,Paypal
1224,2025-05-04,1164,2041,401,0.0,804.21,27,Paypal
1225,2025-05-04,1133,2084,401,0.0,0.0,22,Paypal
1226,2025-05-04,1033,2022,401,1.0,604.06,19,Credit
1227,2025-05-04,1027,2062,402,0.0,1238.72,15,Paypal
1228,2025-05-04,1008,2073,404,3.0,1498.29,7,Credit
1229,2025-05-04,1134,2079,403,0.0,950.54,29,Paypal
1230,2025-05-04,1093,2028,401,0.0,1275.88,19,Cash
1231,2025-05-04,1053,2083,404,0.0,2304.48,29,Credit
1232,2025-05-04,1119,2081,401,2.0,0.0,8,Paypal
1233,2025-05-04,1142,2095,404,2.0,1177.9,19,Cash
1234,2025-05-04,1181,2007,403,0.0,583.39,26,Cash
1235,2025-05-04,1187,2009,403,0.0,265.24,26,Paypal
1236,2025-05-04,1055,2066,401,0.0,2580.3,12,Paypal
1237,2025-05-04,1185,2029,404,1.0,12.16,7,Cash
1238,2025-05-04,1049,2067,402,1.0,261.86,9,Paypal
1239,2025-05-04,1142,2095,404,0.0,1963.16,21,Paypal
1240,2025-05-04,1196,2081,403,3.0,746.22,19,Credit
1241,2025-05-04,1179,2085,404,0.0,242.15,26,Credit
1242,2025-05-04,1042,2023,404,2.0,2254.9,23,Paypal
1243,2025-05-04,1168,2020,404,2.0,601.33,25,Cash
1244,2025-05-04,1080,2070,403,2.0,0.0,25,Paypal
1245,2025-05-04,1105,2097,404,2.0,673.68,2,Paypal
1246,2025-05-04,1155,2030,402,3.0,509.91,8,Paypal
1247,2025-05-04,1196,2070,403,2.0,27.34,27,Paypal
1248,2025-05-04,1115,2057,404,0.0,1747.92,25,Paypal
1249,2025-05-04,1185,2004,403,0.0,2781.75,26,Paypal
1250,2025-05-04,1132,2017,403,0.0,0.0,29,Credit
1251,2025-05-04,1076,2028,402,2.0,1020.7,12,Paypal
1252,2025-05-04,1005,2098,403,1.0,3268.3,19,Credit
1253,2025-05-04,1024,2004,404,2.0,1483.6,23,Paypal
1254,2025-05-04,1039,2017,403,2.0,370.96,8,Cash
1255,2025-05-04,1149,2031,402,2.0,904.48,17,Paypal
1256,2025-05-04,1076,2011,404,1.0,737.53,27,Paypal
1257,2025-05-04,1187,2009,403,3.0,198.93,15,Cash
1258,2025-05-04,1044,2062,401,2.0,495.49,20,Credit
1259,2025-05-04,1009,2093,404,0.0,0.0,29,Paypal
1260,2025-05-04,1199,2007,403,2.0,1400.14,26,Paypal
1261,2025-05-04,1111,2053,401,1.0,3294.81,16,Credit
1262,2025-05-04,1191,2083,401,3.0,768.16,23,Paypal
1263,2025-05-04,1013,2039,401,2.0,1562.3,19,Paypal
1264,2025-05-04,1138,2072,402,2.0,672.48,11,Cash
1265,2025-05-04,1128,2089,402,1.0,744.34,18,Paypal
1266,2025-05-04,1012,2086,404,3.0,2682.3,7,Paypal
1267,2025-05-04,1192,2076,401,1.0,1450.93,5,Credit
1268,2025-05-04,1110,2037,404,1.0,324.13,21,Cash
1270,2025-05-04,1146,2095,401,3.0,1963.16,19,Paypal
1271,2025-05-04,1067,2010,404,3.0,0.0,6,Paypal
1272,2025-05-04,1198,2089,402,1.0,744.34,30,Credit
1273,2025-05-04,1123,2071,402,3.0,1845.48,17,Paypal
1274,2025-05-04,1101,2083,402,1.0,2074.03,23,Paypal
1275,2025-05-04,1062,2009,403,3.0,66.31,16,Paypal
1276,2025-05-04,1082,2087,401,0.0,318.64,9,Credit
1277,2025-05-04,1171,2052,404,2.0,0.0,21,Paypal
1278,2025-05-04,1089,2024,403,2.0,298.25,27,Cash
1279,2025-05-04,1152,2083,401,2.0,1843.58,14,Cash
1280,2025-05-04,1043,2044,404,1.0,373.64,30,Cash
1281,2025-05-04,1112,2005,402,1.0,0.0,22,Cash
1282,2025-05-04,1175,2047,402,0.0,1004.94,28,Paypal
1283,2025-05-04,1028,2094,401,1.0,888.03,8,Paypal
1284,2025-05-04,1158,2018,403,0.0,2169.04,18,Paypal
1285,2025-05-04,1087,2088,401,2.0,567.48,12,Paypal
1286,2025-05-04,1115,2060,401,2.0,980.11,1,Credit
1287,2025-05-04,1053,2094,402,1.0,888.03,22,Cash
1288,2025-05-04,1139,2066,403,3.0,2580.3,9,Credit
1289,2025-05-04,1159,2093,402,0.0,0.0,11,Credit
1290,2025-05-04,1096,2074,401,2.0,1055.2,23,Cash
1291,2025-05-04,1043,2007,403,1.0,525.05,13,Credit
1292,2025-05-04,1178,2079,403,0.0,950.54,27,Paypal
1293,2025-05-04,1119,2083,401,0.0,768.16,15,Cash
1294,2025-05-04,1099,2084,403,2.0,0.0,11,Cash
1295,2025-05-04,1027,2002,403,3.0,866.0,27,Credit
1296,2025-05-04,1059,2048,401,2.0,572.21,23,Paypal
1297,2025-05-04,1124,2076,401,1.0,2176.39,30,Cash
1298,2025-05-04,1050,2064,404,0.0,1470.2,5,Credit
1299,2025-05-04,1010,2031,403,2.0,1356.72,15,Cash
1300,2025-05-04,1125,2050,402,0.0,373.56,29,Paypal
1301,2025-05-04,1088,2087,403,2.0,509.82,0,Credit
1302,2025-05-04,1160,2038,402,2.0,2223.62,26,Credit
1303,2025-05-04,1015,2080,403,3.0,2496.78,0,Credit
1304,2025-05-04,1007,2071,403,1.0,553.64,17,Paypal
1305,2025-05-04,1038,2043,404,1.0,786.1,30,Paypal
1306,2025-05-04,1022,2093,404,1.0,2721.38,26,Paypal
1307,2025-05-04,1106,2030,402,3.0,1019.82,21,Credit
1308,2025-05-04,1079,2077,403,3.0,561.83,18,Cash
1309,2025-05-04,1138,2016,402,1.0,872.15,0,Paypal
1310,2025-05-04,1148,2069,402,1.0,418.3,29,Credit
1311,2025-05-04,1079,2088,402,3.0,709.35,15,Paypal
1312,2025-05-04,1197,2018,402,2.0,867.62,22,Paypal
1313,2025-05-04,1017,2071,401,1.0,553.64,12,Paypal
1314,2025-05-04,1081,2018,401,2.0,867.62,1,Paypal
1315,2025-05-04,1105,2052,403,3.0,731.26,28,Paypal
1316,2025-05-04,1190,2081,403,1.0,0.0,13,Cash
1317,2025-05-04,1199,2024,401,1.0,223.69,27,Paypal
1318,2025-05-04,1047,2003,403,1.0,346.66,3,Paypal
1319,2025-05-04,1152,2029,402,0.0,27.02,9,Credit
1320,2025-05-04,1091,2010,404,1.0,210.17,19,Credit
1321,2025-05-04,1128,2077,404,2.0,0.0,10,Cash
1322,2025-05-04,1047,2049,404,3.0,0.0,22,Paypal
1323,2025-05-04,1035,2020,402,1.0,676.49,22,Cash
1324,2025-05-04,1008,2052,401,2.0,585.01,2,Paypal
1325,2025-05-04,1105,2028,402,1.0,1148.29,29,Paypal
1326,2025-05-04,1016,2022,404,3.0,2684.72,11,Cash
1327,2025-05-04,1176,2041,404,1.0,1447.58,4,Paypal
1328,2025-05-04,1109,2051,401,3.0,469.28,12,Cash
1329,2025-05-04,1184,2040,404,0.0,103.62,7,Cash
1331,2025-05-04,1010,2031,404,0.0,1130.6,1,Cash
1332,2025-05-04,1142,2049,401,1.0,0.0,16,Paypal
1333,2025-05-04,1074,2056,404,2.0,839.55,25,Credit
1334,2025-05-04,1198,2036,404,1.0,392.36,13,Credit
1335,2025-05-04,1108,2037,401,1.0,648.25,27,Credit
1336,2025-05-04,1118,2082,404,0.0,799.8,7,Cash
1337,2025-05-04,1184,2064,401,1.0,264.64,17,Cash
1338,2025-05-04,1199,2074,402,3.0,1978.5,23,Credit
1339,2025-05-04,1105,2041,404,0.0,0.0,20,Cash
1340,2025-05-04,1045,2058,402,3.0,0.0,14,Credit
1341,2025-05-04,1023,2032,403,1.0,1702.08,13,Paypal
1342,2025-05-04,1183,2093,401,0.0,2267.82,4,Paypal
1343,2025-05-04,1029,2090,404,2.0,57.31,6,Paypal
1344,2025-05-04,1021,2067,404,1.0,261.86,17,Paypal
1345,2025-05-04,1096,2070,404,0.0,136.72,2,Paypal
1346,2025-05-04,1196,2021,403,1.0,751.87,3,Credit
1347,2025-05-04,1041,2018,402,0.0,1084.52,2,Paypal
1348,2025-05-04,1107,2039,403,3.0,0.0,19,Credit
1349,2025-05-04,1073,2080,402,0.0,3329.04,6,Paypal
1350,2025-05-04,1033,2025,401,2.0,671.09,13,Paypal
1351,2025-05-04,1003,2058,404,3.0,2000.25,16,Paypal
1352,2025-05-04,1139,2000,404,1.0,1744.76,27,Credit
1353,2025-05-04,1055,2075,404,3.0,3122.56,13,Cash
1354,2025-05-04,1104,2056,401,0.0,1574.16,24,Paypal
1355,2025-05-04,1062,2070,403,1.0,30.76,0,Paypal
1356,2025-05-04,1012,2023,402,0.0,2818.62,12,Cash
1357,2025-05-04,1167,2044,401,1.0,560.47,13,Credit
1358,2025-05-04,1008,2085,403,2.0,0.0,15,Cash
1359,2025-05-04,1022,2006,401,3.0,990.0,14,Credit
1360,2025-05-04,1045,2020,403,1.0,1352.99,1,Cash
1361,2025-05-04,1116,2095,403,0.0,981.58,12,Credit
1362,2025-05-04,1023,2098,403,2.0,1452.58,15,Credit
1363,2025-05-04,1094,2048,401,3.0,1072.89,27,Paypal
1364,2025-05-04,1140,2008,403,3.0,0.0,3,Cash
1365,2025-05-04,1034,2015,403,2.0,1079.95,8,Credit
1366,2025-05-04,1134,2052,402,1.0,1316.27,19,Cash
1367,2025-05-04,1156,2007,401,0.0,1750.17,29,Paypal
1368,2025-05-04,1123,2092,403,3.0,0.0,1,Paypal
1369,2025-05-04,1155,2040,403,2.0,27.63,0,Paypal
1370,2025-05-04,1033,2078,404,3.0,568.04,22,Cash
1371,2025-05-04,1126,2023,402,2.0,2254.9,14,Credit
1373,2025-05-04,1119,2080,401,1.0,0.0,23,Cash
1374,2025-05-04,1157,2053,404,0.0,1830.45,7,Cash
1375,2025-05-04,1085,2044,402,0.0,207.58,2,Paypal
1376,2025-05-04,1163,2025,403,2.0,447.39,21,Paypal
1378,2025-05-04,1196,2000,401,2.0,0.0,17,Paypal
1379,2025-05-04,1087,2050,401,1.0,168.1,11,Paypal
1380,2025-05-04,1049,2042,403,3.0,670.44,8,Cash
1382,2025-05-04,1039,2080,404,2.0,665.81,13,Credit
1383,2025-05-04,1118,2052,401,2.0,0.0,20,Credit
1384,2025-05-04,1144,2092,403,0.0,1446.63,29,Cash
1385,2025-05-04,1053,2073,403,2.0,1198.63,2,Credit
1386,2025-05-04,1016,2019,403,0.0,0.0,25,Paypal
1387,2025-05-04,1086,2048,402,3.0,1072.89,15,Paypal
1388,2025-05-04,1047,2076,401,2.0,0.0,1,Paypal
1389,2025-05-04,1180,2040,401,2.0,110.53,18,Paypal
1390,2025-05-04,1105,2011,404,1.0,0.0,6,Paypal
1391,2025-05-04,1095,2057,403,1.0,786.56,16,Cash
1392,2025-05-04,1134,2038,402,0.0,926.51,14,Paypal
1393,2025-05-04,1095,2004,402,0.0,0.0,16,Paypal
1394,2025-05-04,1113,2064,401,3.0,294.04,28,Cash
1395,2025-05-04,1128,2019,402,2.0,1494.29,12,Paypal
1396,2025-05-04,1123,2093,403,2.0,3023.76,0,Credit
1397,2025-05-04,1036,2098,401,1.0,817.07,3,Paypal
1398,2025-05-04,1052,2092,401,3.0,1928.84,21,Credit
1399,2025-05-04,1099,2091,401,0.0,905.79,23,Credit
1400,2025-05-04,1079,2005,401,2.0,1715.12,18,Cash
1401,2025-05-04,1119,2005,401,2.0,686.05,12,Paypal
1402,2025-05-04,1005,2073,403,1.0,0.0,19,Paypal
1403,2025-05-04,1082,2025,402,2.0,223.7,29,Cash
1404,2025-05-04,1070,2068,403,3.0,2460.72,1,Cash
1405,2025-05-04,1171,2015,403,1.0,0.0,10,Cash
1406,2025-05-04,1040,2035,401,0.0,899.99,3,Paypal
1407,2025-05-04,1159,2071,401,1.0,1660.93,21,Paypal
1408,2025-05-04,1138,2044,403,2.0,0.0,2,Paypal
1409,2025-05-04,1036,2090,403,1.0,0.0,29,Credit
1410,2025-05-04,1043,2009,403,2.0,106.1,1,Credit
1411,2025-05-04,1138,2056,401,1.0,944.5,7,Paypal
1412,2025-05-04,1007,2060,401,0.0,816.76,20,Paypal
1413,2025-05-04,1098,2006,401,3.0,990.0,17,Credit
1414,2025-05-04,1100,2022,404,2.0,1610.83,20,Paypal
1415,2025-05-04,1079,2042,402,0.0,167.61,1,Paypal
1416,2025-05-04,1193,2097,404,1.0,2273.67,27,Cash
1417,2025-05-04,1023,2089,404,0.0,413.52,27,Paypal
1419,2025-05-04,1059,2028,402,2.0,1531.06,24,Paypal
1420,2025-05-04,1093,2050,402,2.0,298.85,0,Paypal
1421,2025-05-04,1083,2058,404,0.0,2000.25,2,Paypal
1422,2025-05-04,1016,2060,401,2.0,653.41,11,Cash
1423,2025-05-04,1122,2059,402,2.0,1228.92,29,Paypal
1424,2025-05-04,1196,2044,402,0.0,207.58,20,Paypal
1425,2025-05-04,1103,2091,401,2.0,2173.9,23,Credit
1426,2025-05-04,1142,2083,401,2.0,1229.06,5,Paypal
1427,2025-05-04,1136,2059,404,3.0,2560.25,0,Credit
1428,2025-05-04,1061,2079,402,1.0,2566.46,6,Credit
1429,2025-05-04,1123,2049,401,2.0,751.87,21,Paypal
1430,2025-05-04,1053,2088,404,3.0,709.35,7,Credit
1431,2025-05-04,1145,2043,402,1.0,1572.21,12,Paypal
1432,2025-05-04,1169,2085,401,3.0,1210.75,10,Paypal
1433,2025-05-04,1029,2075,404,2.0,1249.02,30,Credit
1434,2025-05-04,1142,2012,404,1.0,1682.61,26,Credit
1435,2025-05-04,1078,2051,401,0.0,117.32,9,Paypal
1436,2025-05-04,1175,2076,404,2.0,1289.71,2,Paypal
1437,2025-05-04,1126,2082,401,0.0,1066.4,23,Paypal
1438,2025-05-04,1055,2017,401,1.0,1669.32,5,Credit
1439,2025-05-04,1169,2019,404,2.0,747.14,21,Paypal
1440,2025-05-04,1099,2078,404,1.0,383.43,18,Paypal
1441,2025-05-04,1052,2087,403,2.0,0.0,10,Paypal
1442,2025-05-04,1145,2086,403,3.0,2682.3,2,Credit
1443,2025-05-04,1183,2044,401,0.0,1037.9,29,Paypal
1444,2025-05-04,1156,2065,404,1.0,423.31,9,Cash
1445,2025-05-04,1075,2007,403,0.0,1166.78,25,Credit
1446,2025-05-04,1000,2090,403,0.0,143.28,6,Paypal
1447,2025-05-04,1072,2003,402,3.0,0.0,22,Credit
1448,2025-05-04,1179,2075,404,2.0,1873.54,0,Cash
1449,2025-05-04,1182,2048,404,3.0,357.63,10,Credit
1450,2025-05-04,1111,2069,402,1.0,836.6,14,Credit
1451,2025-05-04,1121,2017,402,3.0,2782.2,10,Cash
1452,2025-05-04,1092,2053,402,2.0,1464.36,5,Paypal
1453,2025-05-04,1171,2016,402,0.0,646.04,19,Paypal
1454,2025-05-04,1018,2082,401,1.0,0.0,28,Paypal
1455,2025-05-04,1184,2062,404,1.0,1672.27,0,Credit
1456,2025-05-04,1021,2017,404,3.0,463.7,11,Cash
1457,2025-05-04,1178,2077,404,1.0,505.65,24,Cash
1458,2025-05-04,1116,2065,404,3.0,470.34,26,Paypal
1459,2025-05-04,1098,2045,402,1.0,280.93,9,Paypal
1460,2025-05-04,1108,2077,401,3.0,1685.49,3,Cash
1461,2025-05-04,1187,2030,403,3.0,509.91,14,Cash
1462,2025-05-04,1139,2073,403,0.0,499.43,11,Paypal
1463,2025-05-04,1009,2072,404,2.0,0.0,10,Paypal
1464,2025-05-04,1028,2074,404,0.0,3297.5,7,Credit
1465,2025-05-04,1036,2093,403,3.0,0.0,0,Paypal
1466,2025-05-04,1132,2010,401,1.0,0.0,1,Paypal
1467,2025-05-04,1120,2080,401,2.0,665.81,1,Paypal
1468,2025-05-04,1156,2006,403,0.0,198.0,1,Paypal
1469,2025-05-04,1120,2058,404,2.0,1600.2,10,Paypal
1470,2025-05-04,1107,2045,403,2.0,249.71,30,Cash
1471,2025-05-04,1042,2004,403,2.0,0.0,5,Paypal
1472,2025-05-04,1015,2080,404,1.0,749.03,4,Paypal
1473,2025-05-04,1146,2006,403,0.0,792.0,16,Paypal
1474,2025-05-04,1073,2062,401,1.0,1114.85,10,Paypal
1475,2025-05-04,1129,2009,403,2.0,0.0,2,Paypal
1476,2025-05-04,1033,2078,403,2.0,340.82,27,Paypal
1477,2025-05-04,1065,2001,401,1.0,371.12,12,Paypal
1478,2025-05-04,1151,2094,402,3.0,493.35,26,Paypal
1479,2025-05-04,1094,2022,403,1.0,0.0,10,Credit
1480,2025-05-04,1124,2023,401,2.0,2254.9,1,Cash
1481,2025-05-04,1021,2018,402,3.0,542.26,16,Credit
1482,2025-05-04,1192,2052,404,1.0,0.0,6,Paypal
1483,2025-05-04,1169,2056,402,1.0,944.5,3,Cash
1484,2025-05-04,1147,2093,403,0.0,2267.82,3,Cash
1485,2025-05-04,1164,2033,401,0.0,836.25,8,Paypal
1486,2025-05-04,1042,2059,404,3.0,3072.3,9,Paypal
1487,2025-05-04,1077,2060,402,3.0,1633.52,6,Cash
1488,2025-05-04,1174,2090,404,3.0,286.56,14,Credit
1489,2025-05-04,1067,2018,404,0.0,2169.04,14,Paypal
1490,2025-05-04,1073,2057,404,2.0,349.58,3,Paypal
1491,2025-05-04,1135,2087,401,0.0,318.64,0,Cash
1492,2025-05-04,1136,2081,403,3.0,2238.66,11,Paypal
1493,2025-05-04,1156,2083,403,2.0,1229.06,29,Paypal
1494,2025-05-04,1069,2034,401,2.0,217.87,16,Credit
1495,2025-05-04,1167,2074,404,3.0,2638.0,8,Credit
1496,2025-05-04,1197,2086,402,1.0,2414.07,22,Paypal
1497,2025-05-04,1133,2043,402,2.0,1397.52,28,Paypal
1498,2025-05-04,1140,2001,401,0.0,1237.05,5,Cash
1499,2025-05-04,1003,2052,401,0.0,731.26,16,Credit
1500,2025-05-04,1175,2057,403,1.0,1179.85,19,Credit
1501,2025-05-04,1185,2036,403,1.0,980.91,24,Paypal
1502,2025-05-04,1008,2003,401,0.0,0.0,24,Cash
1503,2025-05-04,1152,2084,402,0.0,281.85,4,Credit
1504,2025-05-04,1181,2015,401,1.0,1214.95,5,Credit
1505,2025-05-04,1096,2084,402,0.0,0.0,5,Paypal
1506,2025-05-04,1178,2023,403,2.0,1503.26,21,Credit
1507,2025-05-04,1119,2084,401,3.0,0.0,3,Paypal
1508,2025-05-04,1070,2098,404,2.0,1452.58,13,Cash
1509,2025-05-04,1065,2020,401,2.0,300.66,15,Cash
1510,2025-05-04,1198,2007,404,3.0,2333.56,26,Cash
1511,2025-05-04,1085,2007,403,2.0,933.42,24,Paypal
1512,2025-05-04,1045,2056,401,3.0,3148.32,29,Cash
1513,2025-05-04,1051,2078,404,1.0,383.43,18,Credit
1514,2025-05-04,1165,2062,401,1.0,557.42,5,Credit
1515,2025-05-04,1138,2098,404,1.0,817.07,29,Cash
1516,2025-05-04,1157,2082,401,3.0,1066.4,12,Credit
1517,2025-05-04,1183,2033,401,0.0,0.0,13,Paypal
1518,2025-05-04,1018,2009,403,3.0,0.0,0,Paypal
1519,2025-05-04,1004,2063,402,0.0,552.46,5,Cash
1520,2025-05-04,1009,2085,404,2.0,193.72,0,Paypal
1521,2025-05-04,1038,2089,403,3.0,1240.56,28,Paypal
1523,2025-05-04,1111,2051,401,1.0,211.18,18,Paypal
1525,2025-05-04,1145,2068,403,2.0,656.19,30,Cash
1526,2025-05-04,1174,2038,404,0.0,1853.02,27,Paypal
1527,2025-05-04,1161,2082,401,2.0,213.28,5,Credit
1529,2025-05-04,1194,2098,403,1.0,2451.22,16,Paypal
1530,2025-05-04,1045,2070,401,3.0,102.54,7,Credit
1531,2025-05-04,1169,2024,403,3.0,621.35,12,Paypal
1532,2025-05-04,1027,2080,403,3.0,2496.78,29,Cash
1533,2025-05-04,1021,2080,404,1.0,2247.1,20,Cash
1534,2025-05-04,1035,2004,402,0.0,1854.5,29,Paypal
1535,2025-05-04,1184,2075,402,3.0,2341.92,7,Paypal
1536,2025-05-04,1099,2008,403,3.0,66.59,18,Paypal
1537,2025-05-04,1136,2057,401,0.0,1310.94,28,Credit
1538,2025-05-04,1086,2007,403,0.0,1750.17,20,Credit
1539,2025-05-04,1103,2015,402,3.0,2024.91,17,Paypal
1540,2025-05-04,1173,2068,402,1.0,0.0,25,Cash
1541,2025-05-04,1018,2004,402,3.0,927.25,28,Paypal
1542,2025-05-04,1167,2002,404,0.0,866.0,29,Paypal
1543,2025-05-04,1062,2089,402,0.0,2067.6,15,Paypal
1544,2025-05-04,1044,2080,401,2.0,665.81,28,Paypal
1545,2025-05-04,1024,2058,402,0.0,2000.25,6,Cash
1546,2025-05-04,1027,2014,404,1.0,443.34,28,Cash
1547,2025-05-04,1016,2025,404,2.0,671.09,3,Credit
1548,2025-05-04,1188,2086,404,2.0,2861.12,16,Cash
1549,2025-05-04,1030,2087,402,2.0,382.37,5,Paypal
1550,2025-05-04,1054,2097,401,1.0,2273.67,6,Cash
1551,2025-05-04,1085,2008,401,2.0,106.54,16,Cash
1552,2025-05-04,1036,2096,404,1.0,1814.89,23,Paypal
1553,2025-05-04,1178,2047,402,3.0,1004.94,7,Cash
1554,2025-05-04,1062,2074,401,1.0,1187.1,9,Credit
1556,2025-05-04,1004,2062,401,0.0,2477.44,11,Credit
1557,2025-05-04,1001,2022,401,2.0,536.94,18,Paypal
1558,2025-05-04,1106,2088,404,1.0,1276.83,16,Paypal
1559,2025-05-04,1052,2018,403,3.0,2169.04,23,Credit
1560,2025-05-04,1105,2030,402,0.0,339.94,8,Paypal
1561,2025-05-04,1152,2023,404,0.0,1879.08,2,Cash
1562,2025-05-04,1160,2038,403,3.0,0.0,21,Paypal
1563,2025-05-04,1001,2071,402,1.0,1660.93,24,Cash
1564,2025-05-04,1030,2067,401,2.0,465.52,15,Credit
1565,2025-05-04,1194,2069,402,3.0,929.56,6,Paypal
1566,2025-05-04,1197,2080,402,2.0,1331.62,30,Paypal
1567,2025-05-04,1013,2024,401,1.0,335.53,11,Paypal
1568,2025-05-04,1175,2060,404,1.0,735.08,27,Cash
1569,2025-05-04,1040,2085,401,0.0,484.3,7,Paypal
1570,2025-05-04,1165,2046,403,1.0,60.17,17,Credit
1572,2025-05-04,1011,2013,401,1.0,1683.65,19,Paypal
1573,2025-05-04,1040,2003,404,0.0,385.18,1,Paypal
1574,2025-05-04,1018,2030,404,2.0,135.98,27,Cash
1575,2025-05-04,1107,2025,403,1.0,754.97,22,Paypal
1576,2025-05-04,1199,2014,403,1.0,0.0,7,Cash
1577,2025-05-04,1025,2030,404,1.0,0.0,16,Paypal
1578,2025-05-04,1096,2028,401,3.0,2551.76,11,Credit
1579,2025-05-04,1149,2062,401,3.0,1858.08,25,Paypal
1580,2025-05-04,1037,2027,404,1.0,465.5,12,Paypal
1581,2025-05-04,1099,2047,402,3.0,0.0,2,Paypal
1582,2025-05-04,1184,2024,403,2.0,198.83,1,Paypal
1583,2025-05-04,1051,2042,402,0.0,167.61,2,Cash
1584,2025-05-04,1177,2072,401,2.0,672.48,8,Cash
1585,2025-05-04,1034,2014,404,3.0,985.2,4,Credit
1586,2025-05-04,1107,2021,403,1.0,751.87,29,Paypal
1587,2025-05-04,1075,2077,402,1.0,2528.24,15,Paypal
1588,2025-05-04,1147,2070,402,0.0,34.18,5,Paypal
1589,2025-05-04,1105,2066,404,1.0,928.91,15,Credit
1590,2025-05-04,1151,2060,404,2.0,653.41,22,Credit
1591,2025-05-04,1003,2093,404,1.0,680.35,17,Paypal
1592,2025-05-04,1063,2041,404,1.0,2171.37,2,Paypal
1593,2025-05-04,1151,2019,401,3.0,933.93,26,Paypal
1594,2025-05-04,1011,2005,404,0.0,428.78,8,Paypal
1595,2025-05-04,1108,2067,404,3.0,290.95,8,Credit
1596,2025-05-04,1178,2012,404,3.0,623.19,3,Paypal
1597,2025-05-04,1061,2010,401,3.0,389.2,30,Credit
1598,2025-05-04,1055,2016,403,2.0,0.0,4,Cash
1599,2025-05-04,1061,2082,401,0.0,266.6,12,Cash
1600,2025-05-04,1122,2085,403,1.0,217.94,26,Paypal
1601,2025-05-04,1180,2058,401,3.0,666.75,16,Paypal
1602,2025-05-04,1118,2098,402,3.0,907.86,6,Credit
1603,2025-05-04,1047,2047,404,0.0,334.98,21,Credit
1604,2025-05-04,1160,2009,404,2.0,0.0,6,Cash
1606,2025-05-04,1192,2034,402,0.0,0.0,12,Credit
1607,2025-05-04,1158,2042,401,2.0,402.26,19,Cash
1608,2025-05-04,1013,2014,404,2.0,197.04,27,Cash
1610,2025-05-04,1093,2022,401,1.0,604.06,24,Paypal
1611,2025-05-04,1035,2042,402,0.0,335.22,13,Cash
1612,2025-05-04,1166,2061,402,1.0,179.93,17,Paypal
1613,2025-05-04,1082,2045,403,3.0,312.14,6,Paypal
1614,2025-05-04,1070,2006,401,2.0,633.6,21,Paypal
1615,2025-05-04,1088,2057,404,0.0,436.98,11,Cash
1616,2025-05-04,1120,2090,403,3.0,214.92,1,Credit
1617,2025-05-04,1158,2047,401,1.0,904.45,9,Cash
1618,2025-05-04,1117,2011,401,3.0,0.0,11,Cash
1619,2025-05-04,1045,2036,401,0.0,217.98,29,Credit
1620,2025-05-04,1042,2035,401,1.0,809.99,5,Cash
1621,2025-05-04,1127,2019,402,0.0,933.93,28,Cash
1622,2025-05-04,1075,2053,402,3.0,2440.6,8,Cash
1623,2025-05-04,1088,2053,404,0.0,610.15,10,Paypal
1624,2025-05-04,1074,2024,401,0.0,248.54,7,Paypal
1625,2025-05-04,1059,2066,403,3.0,2064.24,2,Credit
1626,2025-05-04,1148,2043,403,3.0,873.45,15,Cash
1627,2025-05-04,1151,2085,404,3.0,726.45,2,Credit
1628,2025-05-04,1077,2072,402,2.0,1008.72,29,Cash
1629,2025-05-04,1043,2033,402,3.0,836.25,23,Cash
1630,2025-05-04,1095,2036,401,1.0,392.36,18,Paypal
1631,2025-05-04,1090,2036,404,1.0,588.55,26,Paypal
1632,2025-05-04,1158,2020,403,1.0,676.49,10,Credit
1633,2025-05-04,1044,2090,402,1.0,0.0,2,Paypal
1634,2025-05-04,1060,2014,401,2.0,591.12,15,Paypal
1635,2025-05-04,1147,2016,404,2.0,516.83,27,Cash
1636,2025-05-04,1094,2023,402,0.0,1879.08,30,Cash
1637,2025-05-04,1170,2040,403,1.0,0.0,23,Cash
1638,2025-05-04,1095,2057,402,2.0,349.58,28,Paypal
1639,2025-05-04,1031,2003,404,3.0,0.0,22,Cash
1640,2025-05-04,1196,2018,404,2.0,433.81,25,Paypal
1641,2025-05-04,1039,2000,403,2.0,775.45,28,Paypal
1642,2025-05-04,1121,2037,402,3.0,1080.42,18,Credit
1643,2025-05-04,1086,2088,401,3.0,2837.4,25,Cash
1644,2025-05-04,1010,2017,401,2.0,1112.88,24,Credit
1645,2025-05-04,1006,2051,402,3.0,351.96,3,Paypal
1646,2025-05-04,1091,2011,403,0.0,819.48,1,Cash
1647,2025-05-04,1155,2082,402,1.0,959.76,20,Credit
1648,2025-05-04,1005,2098,403,1.0,817.07,1,Paypal
1649,2025-05-04,1005,2010,404,0.0,233.52,17,Paypal
1650,2025-05-04,1131,2050,402,3.0,747.12,24,Paypal
1651,2025-05-04,1081,2077,401,2.0,1797.86,0,Credit
1652,2025-05-04,1101,2018,404,2.0,867.62,15,Credit
1653,2025-05-04,1098,2047,401,2.0,1071.94,15,Paypal
1654,2025-05-04,1088,2044,403,3.0,830.32,10,Credit
1655,2025-05-04,1143,2011,402,3.0,1229.22,8,Paypal
1656,2025-05-04,1189,2053,404,2.0,1464.36,29,Credit
1657,2025-05-04,1041,2093,404,3.0,2267.82,8,Paypal
1658,2025-05-04,1035,2075,401,1.0,1405.15,0,Cash
1659,2025-05-04,1053,2038,404,2.0,2964.83,14,Credit
1660,2025-05-04,1016,2075,404,0.0,3122.56,7,Paypal
1661,2025-05-04,1001,2052,403,3.0,731.26,17,Credit
1662,2025-05-04,1044,2071,404,1.0,553.64,13,Paypal
1663,2025-05-04,1051,2023,404,2.0,0.0,2,Cash
1664,2025-05-04,1141,2062,401,2.0,1486.46,22,Cash
1665,2025-05-04,1149,2038,404,3.0,926.51,14,Paypal
1666,2025-05-04,1057,2003,401,1.0,2079.97,22,Paypal
1667,2025-05-04,1067,2038,404,0.0,926.51,11,Cash
1668,2025-05-04,1167,2085,403,3.0,242.15,4,Cash
1669,2025-05-04,1045,2062,402,0.0,1858.08,0,Credit
1670,2025-05-04,1030,2097,403,3.0,3368.4,14,Cash
1671,2025-05-04,1017,2076,403,3.0,0.0,17,Cash
1672,2025-05-04,1144,2055,403,3.0,161.82,6,Credit
1673,2025-05-04,1177,2015,403,0.0,674.97,15,Paypal
1674,2025-05-04,1066,2020,401,1.0,1014.74,5,Paypal
1675,2025-05-04,1081,2059,402,2.0,409.64,29,Cash
1676,2025-05-04,1041,2006,403,2.0,475.2,22,Paypal
1678,2025-05-04,1074,2037,401,1.0,0.0,18,Paypal
1679,2025-05-04,1196,2080,402,0.0,832.26,16,Paypal
1680,2025-05-04,1153,2096,402,2.0,1075.49,17,Cash
1681,2025-05-04,1080,2087,403,2.0,127.46,12,Paypal
1682,2025-05-04,1175,2089,403,0.0,2067.6,8,Credit
1683,2025-05-04,1136,2074,403,1.0,593.55,29,Paypal
1684,2025-05-04,1003,2017,403,2.0,1112.88,15,Credit
1685,2025-05-04,1199,2062,404,2.0,990.98,12,Credit
1686,2025-05-04,1041,2013,402,1.0,1683.65,19,Paypal
1687,2025-05-04,1128,2028,402,0.0,0.0,25,Cash
1688,2025-05-04,1106,2058,401,0.0,1333.5,15,Credit
1689,2025-05-04,1033,2002,404,2.0,1385.6,23,Paypal
1690,2025-05-04,1079,2088,403,1.0,2553.66,22,Cash
1691,2025-05-04,1113,2076,403,1.0,0.0,5,Credit
1692,2025-05-04,1181,2038,401,0.0,2779.53,24,Paypal
1693,2025-05-04,1056,2016,402,1.0,872.15,5,Cash
1694,2025-05-04,1078,2016,402,1.0,872.15,24,Credit
1695,2025-05-04,1020,2054,401,0.0,1801.02,0,Paypal
1696,2025-05-04,1004,2099,404,3.0,0.0,13,Paypal
1697,2025-05-04,1010,2025,401,0.0,559.24,24,Credit
1698,2025-05-04,1168,2065,401,3.0,1411.02,7,Credit
1699,2025-05-04,1030,2032,401,0.0,945.6,4,Paypal
1700,2025-05-04,1077,2085,401,0.0,0.0,27,Credit
1701,2025-05-04,1005,2015,402,1.0,0.0,3,Paypal
1702,2025-05-04,1047,2085,403,0.0,242.15,14,Paypal
1703,2025-05-04,1023,2018,403,2.0,0.0,16,Paypal
1704,2025-05-04,1090,2020,402,0.0,751.66,9,Cash
1705,2025-05-04,1025,2074,401,1.0,593.55,20,Cash
1706,2025-05-04,1183,2024,403,1.0,335.53,19,Paypal
1707,2025-05-04,1193,2068,401,0.0,820.24,11,Credit
1708,2025-05-04,1054,2064,404,2.0,235.23,16,Credit
1710,2025-05-04,1172,2013,402,2.0,2244.86,13,Paypal
1711,2025-05-04,1097,2054,402,1.0,810.46,24,Paypal
1712,2025-05-04,1104,2014,403,0.0,246.3,21,Paypal
1713,2025-05-04,1119,2014,402,3.0,1231.5,3,Paypal
1714,2025-05-04,1195,2046,403,0.0,100.29,2,Credit
1715,2025-05-04,1021,2041,404,0.0,0.0,4,Credit
1716,2025-05-04,1098,2036,404,2.0,0.0,12,Cash
1717,2025-05-04,1175,2056,402,3.0,2098.88,9,Paypal
1718,2025-05-04,1074,2054,402,0.0,2701.53,14,Paypal
1719,2025-05-04,1121,2086,403,1.0,3218.76,15,Credit
1720,2025-05-04,1003,2086,404,0.0,1788.2,15,Paypal
1721,2025-05-04,1101,2056,401,0.0,524.72,21,Paypal
1722,2025-05-04,1036,2050,404,0.0,747.12,7,Cash
1723,2025-05-04,1189,2021,401,2.0,1336.66,20,Credit
1724,2025-05-04,1050,2043,402,3.0,873.45,23,Paypal
1725,2025-05-04,1031,2029,404,3.0,40.53,13,Cash
1726,2025-05-04,1071,2097,403,3.0,2526.3,7,Credit
1727,2025-05-04,1091,2060,404,3.0,1225.14,15,Cash
1728,2025-05-04,1130,2035,402,3.0,899.99,30,Cash
1729,2025-05-04,1027,2015,403,3.0,0.0,3,Credit
1730,2025-05-04,1127,2029,402,0.0,40.53,5,Paypal
1731,2025-05-04,1025,2094,401,0.0,1973.4,1,Paypal
1733,2025-05-04,1097,2077,403,1.0,2022.59,23,Paypal
1734,2025-05-04,1077,2079,401,0.0,1901.08,24,Paypal
1735,2025-05-04,1169,2096,404,3.0,672.18,24,Paypal
1736,2025-05-04,1051,2037,404,3.0,1800.7,1,Cash
1737,2025-05-04,1129,2033,403,0.0,1672.5,26,Paypal
1738,2025-05-04,1195,2004,404,0.0,2781.75,18,Paypal
1739,2025-05-04,1098,2057,403,3.0,1310.94,21,Cash
1740,2025-05-04,1113,2058,401,0.0,2000.25,18,Cash
1741,2025-05-04,1045,2071,403,1.0,0.0,13,Paypal
1742,2025-05-04,1125,2055,402,2.0,86.3,26,Cash
1743,2025-05-04,1183,2049,404,0.0,1879.68,6,Cash
1744,2025-05-04,1145,2086,404,3.0,2682.3,23,Credit
1745,2025-05-04,1121,2071,402,0.0,1845.48,22,Paypal
1746,2025-05-04,1100,2033,404,3.0,2508.75,9,Cash
1747,2025-05-04,1157,2086,403,2.0,1430.56,20,Paypal
1748,2025-05-04,1082,2007,401,0.0,1750.17,11,Paypal
1749,2025-05-04,1032,2046,403,0.0,167.15,28,Paypal
1750,2025-05-04,1195,2080,403,3.0,3329.04,7,Credit
1751,2025-05-04,1024,2054,403,2.0,0.0,9,Paypal
1752,2025-05-04,1105,2044,401,1.0,373.64,16,Cash
1753,2025-05-04,1063,2030,403,0.0,509.91,23,Credit
1754,2025-05-04,1176,2008,403,0.0,133.18,4,Paypal
1755,2025-05-04,1086,2021,401,2.0,2004.98,1,Cash
1756,2025-05-04,1009,2058,404,3.0,2000.25,27,Credit
1757,2025-05-04,1068,2002,404,0.0,0.0,19,Credit
1758,2025-05-04,1081,2048,404,2.0,572.21,30,Cash
1759,2025-05-04,1146,2012,404,0.0,623.19,0,Paypal
1760,2025-05-04,1176,2086,402,2.0,1430.56,20,Credit
1761,2025-05-04,1127,2064,403,1.0,529.27,19,Credit
1763,2025-05-04,1051,2063,401,1.0,0.0,21,Paypal
1764,2025-05-04,1073,2033,401,2.0,1338.0,19,Credit
1765,2025-05-04,1146,2051,402,0.0,0.0,26,Cash
1766,2025-05-04,1183,2074,401,2.0,0.0,25,Paypal
1767,2025-05-04,1069,2008,404,3.0,66.59,5,Cash
1768,2025-05-04,1053,2044,401,2.0,332.13,20,Paypal
1769,2025-05-04,1129,2038,404,2.0,0.0,6,Paypal
1770,2025-05-04,1051,2053,404,2.0,488.12,25,Cash
1771,2025-05-04,1159,2065,404,1.0,1693.22,10,Cash
1772,2025-05-04,1004,2080,402,3.0,3329.04,3,Paypal
1773,2025-05-04,1054,2084,404,2.0,901.92,0,Paypal
1774,2025-05-04,1163,2068,404,0.0,1640.48,20,Paypal
1775,2025-05-04,1133,2025,403,3.0,838.86,16,Cash
1776,2025-05-04,1037,2030,402,2.0,271.95,13,Paypal
1777,2025-05-04,1111,2052,403,0.0,731.26,22,Paypal
1778,2025-05-04,1162,2026,404,2.0,169.25,0,Cash
1779,2025-05-04,1073,2082,402,2.0,213.28,13,Cash
1780,2025-05-04,1175,2076,402,3.0,806.07,4,Paypal
1781,2025-05-04,1061,2014,402,1.0,665.01,19,Paypal
1782,2025-05-04,1007,2031,403,3.0,1695.9,14,Credit
1783,2025-05-04,1124,2071,404,3.0,1845.48,23,Paypal
1784,2025-05-04,1165,2004,402,1.0,1669.05,15,Cash
1785,2025-05-04,1069,2017,401,2.0,0.0,16,Paypal
1786,2025-05-04,1071,2084,402,0.0,281.85,8,Credit
1787,2025-05-04,1184,2062,401,0.0,2477.44,23,Cash
1788,2025-05-04,1021,2040,403,0.0,69.08,5,Paypal
1789,2025-05-04,1104,2046,401,3.0,167.15,16,Paypal
1790,2025-05-04,1185,2017,402,0.0,1854.8,5,Paypal
1791,2025-05-04,1146,2094,401,2.0,789.36,5,Credit
1792,2025-05-04,1127,2011,402,0.0,409.74,29,Paypal
1793,2025-05-04,1197,2040,403,3.0,138.16,11,Paypal
1794,2025-05-04,1191,2095,402,3.0,1963.16,23,Cash
1795,2025-05-04,1055,2018,401,1.0,488.03,2,Paypal
1796,2025-05-04,1054,2035,404,3.0,899.99,24,Cash
1798,2025-05-04,1136,2047,401,2.0,267.98,18,Paypal
1799,2025-05-04,1139,2054,404,1.0,3241.84,17,Cash
1800,2025-05-04,1071,2018,403,3.0,0.0,16,Credit
1801,2025-05-04,1183,2047,403,0.0,1004.94,25,Credit
1802,2025-05-04,1165,2077,401,0.0,1685.49,27,Cash
1803,2025-05-04,1176,2085,402,2.0,581.16,6,Cash
1804,2025-05-04,1141,2049,403,2.0,1503.74,18,Cash
1805,2025-05-04,1175,2015,402,3.0,674.97,5,Cash
1806,2025-05-04,1099,2001,404,2.0,0.0,2,Paypal
1807,2025-05-04,1077,2011,402,2.0,655.58,7,Credit
1808,2025-05-04,1053,2020,404,2.0,601.33,18,Paypal
1809,2025-05-04,1196,2082,404,0.0,533.2,8,Paypal
1810,2025-05-04,1070,2010,404,3.0,311.36,24,Paypal
1811,2025-05-04,1188,2052,403,3.0,2925.04,0,Paypal
1812,2025-05-04,1025,2020,403,0.0,375.83,5,Paypal
1813,2025-05-04,1090,2053,403,3.0,1830.45,12,Cash
1814,2025-05-04,1177,2003,401,1.0,346.66,20,Credit
1815,2025-05-04,1161,2056,402,0.0,1049.44,14,Paypal
1816,2025-05-04,1102,2025,403,2.0,0.0,0,Paypal
1817,2025-05-04,1147,2010,401,1.0,70.06,15,Paypal
1818,2025-05-04,1063,2066,402,3.0,516.06,11,Paypal
1819,2025-05-04,1081,2057,404,1.0,786.56,8,Paypal
1820,2025-05-04,1066,2022,403,2.0,536.94,18,Cash
1821,2025-05-04,1050,2010,404,2.0,62.27,19,Cash
1822,2025-05-04,1046,2050,404,1.0,336.2,9,Paypal
1824,2025-05-04,1118,2025,403,1.0,0.0,22,Paypal
1825,2025-05-04,1012,2051,404,2.0,93.86,8,Paypal
1826,2025-05-04,1038,2011,403,1.0,1475.06,18,Paypal
1827,2025-05-04,1145,2015,401,3.0,2024.91,5,Credit
1828,2025-05-04,1197,2058,404,0.0,666.75,27,Credit
1829,2025-05-04,1057,2091,402,1.0,815.21,28,Paypal
1830,2025-05-04,1005,2034,403,3.0,544.68,16,Paypal
1831,2025-05-04,1097,2016,404,1.0,290.72,25,Credit
1832,2025-05-04,1153,2027,403,1.0,698.25,7,Paypal
1833,2025-05-04,1107,2023,404,1.0,2536.76,12,Cash
1834,2025-05-04,1007,2037,403,1.0,648.25,7,Paypal
1835,2025-05-04,1158,2057,402,2.0,699.17,26,Paypal
1836,2025-05-04,1149,2087,404,0.0,637.28,28,Paypal
1837,2025-05-04,1002,2060,402,2.0,326.7,25,Cash
1838,2025-05-04,1177,2050,402,3.0,186.78,18,Paypal
1839,2025-05-04,1181,2054,403,0.0,1801.02,16,Paypal
1840,2025-05-04,1024,2071,401,0.0,615.16,17,Paypal
1841,2025-05-04,1085,2030,404,2.0,407.93,23,Paypal
1842,2025-05-04,1155,2085,401,0.0,726.45,3,Paypal
1843,2025-05-04,1064,2064,404,2.0,940.93,5,Paypal
1844,2025-05-04,1101,2085,403,1.0,217.94,15,Credit
1845,2025-05-04,1143,2005,402,2.0,343.02,12,Cash
1846,2025-05-04,1043,2064,404,2.0,235.23,26,Paypal
1847,2025-05-04,1119,2016,401,2.0,258.42,20,Cash
1848,2025-05-04,1181,2067,404,1.0,523.71,20,Paypal
1849,2025-05-04,1066,2014,403,0.0,0.0,9,Credit
1850,2025-05-04,1032,2063,403,2.0,441.97,30,Paypal
1851,2025-05-04,1110,2036,403,2.0,348.77,30,Credit
1852,2025-05-04,1132,2040,404,1.0,124.34,7,Paypal
1853,2025-05-04,1080,2094,404,1.0,0.0,4,Cash
1854,2025-05-04,1142,2084,404,0.0,0.0,11,Cash
1855,2025-05-04,1048,2019,401,1.0,840.54,4,Cash
1856,2025-05-04,1046,2004,404,2.0,741.8,3,Paypal
1857,2025-05-04,1041,2090,404,3.0,358.2,7,Credit
1858,2025-05-04,1029,2063,401,3.0,1657.38,11,Paypal
1859,2025-05-04,1091,2090,404,3.0,214.92,26,Cash
1860,2025-05-04,1126,2014,402,0.0,492.6,16,Paypal
1861,2025-05-04,1089,2011,402,2.0,1638.96,21,Paypal
1862,2025-05-04,1046,2021,403,1.0,2255.61,17,Paypal
1864,2025-05-04,1019,2031,404,0.0,1695.9,13,Paypal
1865,2025-05-04,1084,2003,403,0.0,0.0,29,Paypal
1866,2025-05-04,1100,2047,401,2.0,803.95,21,Credit
1867,2025-05-04,1039,2003,401,3.0,1155.54,18,Paypal
1868,2025-05-04,1181,2084,404,3.0,1127.4,14,Paypal
1869,2025-05-04,1160,2034,401,2.0,326.81,9,Paypal
1870,2025-05-04,1011,2083,404,2.0,614.53,13,Paypal
1871,2025-05-04,1187,2093,402,1.0,680.35,7,Paypal
1872,2025-05-04,1012,2082,403,2.0,853.12,0,Paypal
1873,2025-05-04,1014,2095,401,3.0,0.0,19,Paypal
1874,2025-05-04,1023,2051,403,1.0,211.18,13,Cash
1875,2025-05-04,1061,2098,404,0.0,2723.58,0,Credit
1876,2025-05-04,1005,2026,402,3.0,211.56,3,Cash
1877,2025-05-04,1199,2051,403,1.0,0.0,17,Credit
1879,2025-05-04,1188,2039,402,2.0,1562.3,25,Cash
1880,2025-05-04,1170,2012,403,1.0,560.87,29,Cash
1881,2025-05-04,1125,2057,404,3.0,1310.94,20,Cash
1882,2025-05-04,1068,2072,404,0.0,420.3,28,Paypal
1883,2025-05-04,1193,2054,403,1.0,0.0,5,Credit
1884,2025-05-04,1111,2080,404,0.0,1664.52,28,Paypal
1885,2025-05-04,1010,2065,403,3.0,0.0,7,Paypal
1886,2025-05-04,1173,2028,402,3.0,2551.76,15,Paypal
1887,2025-05-04,1134,2080,401,2.0,1331.62,29,Paypal
1888,2025-05-04,1119,2055,401,3.0,269.7,16,Paypal
1889,2025-05-04,1076,2019,402,2.0,747.14,5,Paypal
1890,2025-05-04,1063,2066,404,2.0,0.0,12,Paypal
1891,2025-05-04,1145,2006,401,0.0,0.0,1,Paypal
1893,2025-05-04,1024,2059,403,2.0,0.0,26,Cash
1894,2025-05-04,1065,2074,401,0.0,3297.5,4,Paypal
1895,2025-05-04,1029,2094,404,1.0,0.0,3,Cash
1896,2025-05-04,1046,2050,401,0.0,560.34,12,Paypal
1897,2025-05-04,1106,2090,403,2.0,114.62,10,Cash
1898,2025-05-04,1150,2092,404,3.0,482.21,29,Paypal
1899,2025-05-04,1159,2033,403,1.0,752.62,20,Paypal
1900,2025-05-04,1054,2023,401,2.0,751.63,8,Paypal
1901,2025-05-04,1172,2013,404,0.0,1870.72,7,Cash
1902,2025-05-04,1001,2050,401,0.0,560.34,22,Paypal
1903,2025-05-04,1043,2083,404,3.0,2304.48,16,Paypal
1904,2025-05-04,1177,2051,404,2.0,281.57,5,Credit
1905,2025-05-04,1158,2078,403,3.0,568.04,24,Paypal
1906,2025-05-04,1077,2011,402,1.0,368.77,1,Cash
1907,2025-05-04,1003,2024,401,0.0,248.54,30,Paypal
1908,2025-05-04,1178,2024,401,1.0,223.69,30,Credit
1909,2025-05-04,1123,2083,402,1.0,1382.69,2,Cash
1910,2025-05-04,1111,2080,402,0.0,3329.04,8,Paypal
1911,2025-05-04,1077,2098,404,1.0,817.07,29,Paypal
1912,2025-05-04,1121,2054,401,0.0,0.0,5,Cash
1913,2025-05-04,1042,2019,404,3.0,933.93,1,Cash
1914,2025-05-04,1120,2002,404,1.0,1558.8,3,Credit
1915,2025-05-04,1051,2037,404,0.0,0.0,3,Credit
1916,2025-05-04,1085,2001,401,3.0,412.35,25,Paypal
1917,2025-05-04,1106,2063,403,0.0,0.0,9,Credit
1918,2025-05-04,1124,2051,404,3.0,351.96,3,Cash
1919,2025-05-04,1059,2091,401,0.0,1811.58,21,Paypal
1920,2025-05-04,1108,2073,403,0.0,1498.29,3,Cash
1921,2025-05-04,1068,2082,404,3.0,0.0,16,Paypal
1922,2025-05-04,1029,2063,403,3.0,3314.76,25,Cash
1923,2025-05-04,1178,2055,401,1.0,242.73,25,Cash
1924,2025-05-04,1073,2092,402,3.0,482.21,7,Credit
1925,2025-05-04,1088,2056,402,1.0,1888.99,7,Paypal
1926,2025-05-04,1150,2087,403,3.0,477.96,22,Cash
1927,2025-05-04,1033,2037,404,3.0,1440.56,15,Credit
1928,2025-05-04,1172,2083,403,3.0,2304.48,0,Paypal
1929,2025-05-04,1041,2079,402,2.0,2281.3,25,Paypal
1930,2025-05-04,1176,2095,401,3.0,1472.37,5,Cash
1931,2025-05-04,1033,2022,402,1.0,1208.12,17,Cash
1932,2025-05-04,1155,2062,401,3.0,1858.08,5,Credit
1933,2025-05-04,1126,2038,402,1.0,1667.72,20,Paypal
1934,2025-05-04,1142,2006,401,2.0,0.0,5,Paypal
1935,2025-05-04,1066,2045,402,1.0,1123.7,4,Paypal
1936,2025-05-04,1128,2004,401,2.0,2967.2,15,Cash
1937,2025-05-04,1110,2014,402,0.0,246.3,23,Paypal
1938,2025-05-04,1143,2028,404,2.0,1531.06,26,Paypal
1939,2025-05-04,1087,2045,401,2.0,0.0,11,Cash
1940,2025-05-04,1038,2088,401,0.0,1418.7,0,Paypal
1941,2025-05-04,1112,2058,401,0.0,0.0,0,Paypal
1942,2025-05-04,1005,2078,401,0.0,426.03,9,Credit
1943,2025-05-04,1129,2013,402,0.0,1870.72,8,Paypal
1944,2025-05-04,1052,2046,402,2.0,26.74,4,Paypal
1945,2025-05-04,1181,2056,404,0.0,0.0,16,Paypal
1946,2025-05-04,1039,2082,403,2.0,0.0,26,Cash
1947,2025-05-04,1035,2015,402,3.0,3374.85,2,Paypal
1948,2025-05-04,1106,2098,401,1.0,1634.15,6,Paypal
1949,2025-05-04,1121,2043,403,1.0,1572.21,11,Paypal
1950,2025-05-04,1021,2034,403,3.0,544.68,20,Credit
1952,2025-05-04,1192,2096,404,1.0,1814.89,28,Cash
1953,2025-05-04,1035,2054,404,3.0,0.0,17,Credit
1954,2025-05-04,1117,2066,403,0.0,0.0,3,Paypal
1955,2025-05-04,1113,2018,401,0.0,1084.52,21,Credit
1956,2025-05-04,1021,2043,403,3.0,2620.35,29,Paypal
1957,2025-05-04,1197,2021,404,0.0,1670.82,26,Paypal
1958,2025-05-04,1100,2097,401,1.0,2273.67,21,Paypal
1959,2025-05-04,1147,2007,403,3.0,0.0,24,Paypal
1960,2025-05-04,1102,2087,403,2.0,0.0,16,Paypal
1961,2025-05-04,1088,2001,403,1.0,1113.34,15,Paypal
1962,2025-05-04,1179,2051,404,1.0,211.18,4,Paypal
1963,2025-05-04,1139,2079,404,2.0,2281.3,2,Cash
1964,2025-05-04,1005,2083,404,1.0,691.34,19,Credit
1965,2025-05-04,1077,2010,401,2.0,186.82,13,Paypal
1966,2025-05-04,1099,2092,402,2.0,1157.3,2,Credit
1967,2025-05-04,1054,2011,403,2.0,327.79,15,Cash
1968,2025-05-04,1193,2081,402,0.0,2238.66,9,Credit
1969,2025-05-04,1007,2069,403,1.0,836.6,15,Cash
1970,2025-05-04,1198,2038,404,0.0,1853.02,8,Paypal
1971,2025-05-04,1187,2007,403,2.0,466.71,13,Paypal
1972,2025-05-04,1160,2064,403,0.0,1176.16,7,Paypal
1973,2025-05-04,1012,2096,401,3.0,672.18,18,Paypal
1974,2025-05-04,1076,2073,401,3.0,499.43,3,Paypal
1975,2025-05-04,1086,2030,402,2.0,407.93,21,Cash
1976,2025-05-04,1076,2036,402,3.0,217.98,15,Paypal
1977,2025-05-04,1133,2094,402,0.0,1973.4,21,Paypal
1978,2025-05-04,1083,2066,402,2.0,1238.54,0,Cash
1979,2025-05-04,1116,2012,402,3.0,0.0,27,Cash
1980,2025-05-04,1105,2010,401,0.0,155.68,13,Cash
1981,2025-05-04,1108,2016,404,1.0,872.15,5,Paypal
1982,2025-05-04,1114,2009,403,3.0,198.93,9,Cash
1983,2025-05-04,1150,2071,404,2.0,492.13,19,Credit
1984,2025-05-04,1149,2063,404,3.0,2762.3,17,Credit
1985,2025-05-04,1176,2062,404,1.0,557.42,22,Credit
1986,2025-05-04,1036,2064,402,3.0,294.04,27,Paypal
1987,2025-05-04,1182,2058,402,0.0,0.0,4,Credit
1988,2025-05-04,1177,2027,404,3.0,1034.44,25,Paypal
1989,2025-05-04,1008,2095,402,2.0,0.0,12,Cash
1990,2025-05-04,1030,2077,404,0.0,1123.66,16,Cash
1991,2025-05-04,1030,2047,403,0.0,334.98,23,Paypal
1992,2025-05-04,1133,2019,401,2.0,747.14,25,Credit
1993,2025-05-04,1078,2047,403,2.0,535.97,30,Credit
1994,2025-05-04,1124,2003,402,1.0,1386.65,16,Paypal
1995,2025-05-04,1005,2075,404,0.0,3122.56,24,Paypal
1996,2025-05-04,1078,2036,402,1.0,588.55,25,Paypal
1997,2025-05-04,1189,2062,401,0.0,2477.44,29,Credit
1998,2025-05-04,1140,2044,401,0.0,207.58,19,Paypal
1999,2025-05-04,1106,2061,403,3.0,599.76,25,Credit
2000,2025-05-04,1086,2048,404,1.0,321.87,15,Paypal
